emoji,meaning
ğŸ»,tipe 
ğŸ¼,tipe 
ğŸ½,tipe 
ğŸ¾,tipe 
ğŸ¿,tipe 
â™ª,musik
â™­,mol
â™¯,kres
ğŸ˜€,bahagia
ğŸ˜ƒ,muka
ğŸ˜„,mata
ğŸ˜,cengiran
ğŸ˜†,mulut
ğŸ˜…,dingin
ğŸ¤£,kocak
ğŸ˜‚,air mata
ğŸ™‚,muka
ğŸ™ƒ,muka
ğŸ« ,cairan
ğŸ˜‰,kedip
ğŸ˜Š,mata
ğŸ˜‡,fantasi
ğŸ¥°,jatuh cinta
ğŸ˜,cinta
ğŸ¤©,bintang
ğŸ˜˜,cium
ğŸ˜—,cium
â˜º,muka
ğŸ˜š,cium
ğŸ˜™,cium
ğŸ¥²,air mata
ğŸ˜‹,lezat
ğŸ˜›,lidah
ğŸ˜œ,kedip
ğŸ¤ª,besar
ğŸ˜,lidah
ğŸ¤‘,matre
ğŸ¤—,muka
ğŸ¤­,ups
ğŸ«¢,kagum
ğŸ«£,menatap
ğŸ¤«,diam
ğŸ¤”,berpikir
ğŸ«¡,cerah
ğŸ¤,muka
ğŸ¤¨,ragu
ğŸ˜,datar
ğŸ˜‘,datar
ğŸ˜¶,diam
ğŸ«¥,introvert
ğŸ˜¶â€ğŸŒ«,kepala di awan
ğŸ˜,seringai
ğŸ˜’,bosan
ğŸ™„,atas
ğŸ˜¬,menyeringai
ğŸ˜®â€ğŸ’¨,berbisik
ğŸ¤¥,bohong
ğŸ«¨,bergetar
ğŸ™‚â€â†”,geleng
ğŸ™‚â€â†•,angguk
ğŸ˜Œ,lega
ğŸ˜”,muka
ğŸ˜ª,muka
ğŸ¤¤,ngiler
ğŸ˜´,muka
ğŸ˜·,dokter
ğŸ¤’,muka
ğŸ¤•,cedera
ğŸ¤¢,mual
ğŸ¤®,muntah
ğŸ¤§,bersin
ğŸ¥µ,berkeringat
ğŸ¥¶,es
ğŸ¥´,agak mabuk
ğŸ˜µ,muka
ğŸ˜µâ€ğŸ’«,masalah
ğŸ¤¯,kaget
ğŸ¤ ,cowboy
ğŸ¥³,perayaan
ğŸ¥¸,hidung
ğŸ˜,kacamata hitam
ğŸ¤“,buku
ğŸ§,pengap
ğŸ˜•,bingung
ğŸ«¤,kecewa
ğŸ˜Ÿ,cemas
ğŸ™,cemberut
â˜¹,cemberut
ğŸ˜®,muka
ğŸ˜¯,kaget
ğŸ˜²,kaget
ğŸ˜³,muka
ğŸ¥º,kasihan
ğŸ¥¹,bangga
ğŸ˜¦,cemberut
ğŸ˜§,menderita
ğŸ˜¨,muka
ğŸ˜°,biru
ğŸ˜¥,fiuh
ğŸ˜¢,air
ğŸ˜­,bombay
ğŸ˜±,berteriak
ğŸ˜–,gelisah
ğŸ˜£,muka
ğŸ˜,kecewa
ğŸ˜“,dingin
ğŸ˜©,capek
ğŸ˜«,capek
ğŸ¥±,bosan
ğŸ˜¤,menang
ğŸ˜¡,marah
ğŸ˜ ,marah
ğŸ¤¬,mengumpat
ğŸ˜ˆ,dongeng
ğŸ‘¿,belis
ğŸ’€,dongeng
â˜ ,kematian
ğŸ’©,kotoran
ğŸ¤¡,badut
ğŸ‘¹,dongeng
ğŸ‘º,fantasi
ğŸ‘»,arwah
ğŸ‘½,alien
ğŸ‘¾,alien
ğŸ¤–,monster
ğŸ˜º,kucing
ğŸ˜¸,gembira
ğŸ˜¹,air
ğŸ˜»,cinta
ğŸ˜¼,ejek
ğŸ˜½,cium
ğŸ™€,kaget
ğŸ˜¿,air
ğŸ˜¾,kucing
ğŸ™ˆ,dilarang
ğŸ™‰,dengar
ğŸ™Š,bicara
ğŸ’Œ,cinta
ğŸ’˜,asmara
ğŸ’,hati
ğŸ’–,bahagia
ğŸ’—,deg
ğŸ’“,denyut
ğŸ’,berputar
ğŸ’•,cinta
ğŸ’Ÿ,dekorasi hati
â£,hati
ğŸ’”,hati
â¤â€ğŸ”¥,cinta
â¤â€ğŸ©¹,lebih sehat
â¤,hati
ğŸ©·,cinta
ğŸ§¡,hati
ğŸ’›,hati
ğŸ’š,hati
ğŸ’™,biru
ğŸ©µ,biru kehijauan
ğŸ’œ,hati
ğŸ¤,cokelat
ğŸ–¤,hati
ğŸ©¶,abuabu
ğŸ¤,hati
ğŸ’‹,bibir
ğŸ’¯,
ğŸ’¢,komik
ğŸ’¥,komik
ğŸ’«,bintang
ğŸ’¦,ciprat
ğŸ’¨,berlari
ğŸ•³,lobang
ğŸ’¬,balon
ğŸ‘â€ğŸ—¨,gelembung
ğŸ—¨,dialog
ğŸ—¯,balon
ğŸ’­,balon
ğŸ’¤,komik
ğŸ‘‹,badan
ğŸ¤š,angkat tangan
ğŸ–,badan
âœ‹,badan
ğŸ––,badan
ğŸ«±,kanan
ğŸ«²,kiri
ğŸ«³,hus
ğŸ«´,datang
ğŸ«·,dorong
ğŸ«¸,dorong
ğŸ‘Œ,badan
ğŸ¤Œ,interogasi
ğŸ¤,sejumlah kecil
âœŒ,badan
ğŸ¤,beruntung
ğŸ«°,cinta
ğŸ¤Ÿ,gerakan sayang kamu
ğŸ¤˜,badan
ğŸ¤™,panggil saya
ğŸ‘ˆ,badan
ğŸ‘‰,badan
ğŸ‘†,atas
ğŸ–•,jari
ğŸ‘‡,badan
â˜,atas
ğŸ«µ,anda
ğŸ‘, 
ğŸ‘,
âœŠ,badan
ğŸ‘Š,badan
ğŸ¤›,kepalan tangan
ğŸ¤œ,kanan
ğŸ‘,badan
ğŸ™Œ,angkat tangan
ğŸ«¶,cinta
ğŸ‘,badan
ğŸ¤²,berdoa
ğŸ¤,jabat tangan
ğŸ™,berdoa
âœ,badan
ğŸ’…,cat kuku
ğŸ¤³,foto selfie
ğŸ’ª,badan
ğŸ¦¾,aksesibilitas
ğŸ¦¿,aksesibilitas
ğŸ¦µ,bagian tubuh
ğŸ¦¶,injak
ğŸ‘‚,badan
ğŸ¦»,aksesibilitas
ğŸ‘ƒ,badan
ğŸ§ ,cerdas
ğŸ«€,detak
ğŸ«,ekshalasi
ğŸ¦·,dokter gigi
ğŸ¦´,tulang
ğŸ‘€,badan
ğŸ‘,badan
ğŸ‘…,badan
ğŸ‘„,badan
ğŸ«¦,cemas
ğŸ‘¶,bayi
ğŸ§’,anak
ğŸ‘¦,anak lakilaki
ğŸ‘§,anak perempuan
ğŸ§‘,dewasa
ğŸ‘±,orang berambut pirang
ğŸ‘¨,orang dewasa
ğŸ§”,janggut
ğŸ§”â€â™‚,janggut
ğŸ‘±â€â™‚,lakilaki
ğŸ‘©,ibu
ğŸ§”â€â™€,janggut
ğŸ‘±â€â™€,perempuan
ğŸ§“,lanjut usia
ğŸ‘´,kakek
ğŸ‘µ,nenek
ğŸ™,gerakan
ğŸ™â€â™‚,lakilaki
ğŸ™â€â™€,muka
ğŸ™,cemberut
ğŸ™â€â™‚,bibir
ğŸ™â€â™€,bibir
ğŸ™…,dilarang
ğŸ™…â€â™‚,isyarat
ğŸ™…â€â™€,isyarat
ğŸ™†,gerakan
ğŸ™†â€â™‚,isyarat
ğŸ™†â€â™€,isyarat
ğŸ’,bantuan
ğŸ’â€â™‚,bantuan
ğŸ’â€â™€,bantuan
ğŸ™‹,angkat
ğŸ™‹â€â™‚,angkat
ğŸ™‹â€â™€,angkat
ğŸ§,aksesibilitas
ğŸ§â€â™‚,lelaki
ğŸ§â€â™€,perempuan
ğŸ™‡,bungkuk
ğŸ™‡â€â™‚,isyarat
ğŸ™‡â€â™€,isyarat
ğŸ¤¦,cape deh
ğŸ¤¦â€â™‚,isyarat
ğŸ¤¦â€â™€,isyarat
ğŸ¤·,bingung
ğŸ¤·â€â™‚,angkat
ğŸ¤·â€â™€,angkat
ğŸ§‘â€âš•,dokter
ğŸ‘¨â€âš•,dokter
ğŸ‘©â€âš•,dokter
ğŸ§‘â€ğŸ“,kelulusan
ğŸ‘¨â€ğŸ“,lakilaki
ğŸ‘©â€ğŸ“,perempuan
ğŸ§‘â€ğŸ«,dosen
ğŸ‘¨â€ğŸ«,lakilaki
ğŸ‘©â€ğŸ«,pengajar
ğŸ§‘â€âš–,hakim
ğŸ‘¨â€âš–,hakim pria
ğŸ‘©â€âš–,hakim wanita
ğŸ§‘â€ğŸŒ¾,pekebun
ğŸ‘¨â€ğŸŒ¾,lakilaki
ğŸ‘©â€ğŸŒ¾,padi
ğŸ§‘â€ğŸ³,chef
ğŸ‘¨â€ğŸ³,dapur
ğŸ‘©â€ğŸ³,dapur
ğŸ§‘â€ğŸ”§,mekanik
ğŸ‘¨â€ğŸ”§,lakilaki
ğŸ‘©â€ğŸ”§,montir wanita
ğŸ§‘â€ğŸ­,industri
ğŸ‘¨â€ğŸ­,lakilaki
ğŸ‘©â€ğŸ­,pabrik
ğŸ§‘â€ğŸ’¼,arsitek
ğŸ‘¨â€ğŸ’¼,kantor
ğŸ‘©â€ğŸ’¼,kantor
ğŸ§‘â€ğŸ”¬,ahli biologi
ğŸ‘¨â€ğŸ”¬,ilmuwan pria
ğŸ‘©â€ğŸ”¬,ilmuwan wanita
ğŸ§‘â€ğŸ’»,ahli teknologi
ğŸ‘¨â€ğŸ’»,ahli teknologi pria
ğŸ‘©â€ğŸ’»,ahli teknologi wanita
ğŸ§‘â€ğŸ¤,aktor
ğŸ‘¨â€ğŸ¤,aktor
ğŸ‘©â€ğŸ¤,aktor
ğŸ§‘â€ğŸ¨,palet
ğŸ‘¨â€ğŸ¨,lakilaki
ğŸ‘©â€ğŸ¨,lukisan
ğŸ§‘â€âœˆ,pesawat
ğŸ‘¨â€âœˆ,lakilaki
ğŸ‘©â€âœˆ,perempuan
ğŸ§‘â€ğŸš€,astronaut
ğŸ‘¨â€ğŸš€,angkasa luar
ğŸ‘©â€ğŸš€,angkasa luar
ğŸ§‘â€ğŸš’,pemadam kebakaran
ğŸ‘¨â€ğŸš’,api
ğŸ‘©â€ğŸš’,api
ğŸ‘®,penegak hukum
ğŸ‘®â€â™‚,lakilaki
ğŸ‘®â€â™€,penegak hukum
ğŸ•µ,detektif
ğŸ•µâ€â™‚,detektif pria
ğŸ•µâ€â™€,detektif wanita
ğŸ’‚,pengawal
ğŸ’‚â€â™‚,keamanan
ğŸ’‚â€â™€,keamanan
ğŸ¥·,ninja
ğŸ‘·,konstruksi
ğŸ‘·â€â™‚,konstruksi
ğŸ‘·â€â™€,konstruksi
ğŸ«…,agung
ğŸ¤´,pangeran
ğŸ‘¸,dongeng
ğŸ‘³,lakilaki
ğŸ‘³â€â™‚,lakilaki
ğŸ‘³â€â™€,perempuan
ğŸ‘²,gua pi mao
ğŸ§•,hijab
ğŸ¤µ,mempelai pria
ğŸ¤µâ€â™‚,pria
ğŸ¤µâ€â™€,tuksedo
ğŸ‘°,cadar
ğŸ‘°â€â™‚,penutup kepala
ğŸ‘°â€â™€,penutup kepala
ğŸ¤°,hamil
ğŸ«ƒ,buncit
ğŸ«„,buncit
ğŸ¤±,bayi
ğŸ‘©â€ğŸ¼,bayi
ğŸ‘¨â€ğŸ¼,bayi
ğŸ§‘â€ğŸ¼,bayi
ğŸ‘¼,bayi
ğŸ…,dongeng
ğŸ¤¶,ibu
ğŸ§‘â€ğŸ„,manusia sinterklas
ğŸ¦¸,baik
ğŸ¦¸â€â™‚,baik
ğŸ¦¸â€â™€,baik
ğŸ¦¹,jahat
ğŸ¦¹â€â™‚,jahat
ğŸ¦¹â€â™€,jahat
ğŸ§™,magi
ğŸ§™â€â™‚,magi pria
ğŸ§™â€â™€,magi wanita
ğŸ§š,oberon
ğŸ§šâ€â™‚,oberon
ğŸ§šâ€â™€,peri wanita
ğŸ§›,drakula
ğŸ§›â€â™‚,drakula
ğŸ§›â€â™€,mayat hidup
ğŸ§œ,orang duyung
ğŸ§œâ€â™‚,pria duyung
ğŸ§œâ€â™€,putri duyung
ğŸ§,ajaib
ğŸ§â€â™‚,ajaib
ğŸ§â€â™€,ajaib
ğŸ§,jin
ğŸ§â€â™‚,jin
ğŸ§â€â™€,jin
ğŸ§Ÿ,mayat berjalan
ğŸ§Ÿâ€â™‚,mayat berjalan
ğŸ§Ÿâ€â™€,mayat berjalan
ğŸ§Œ,dongeng
ğŸ’†,pijat
ğŸ’†â€â™‚,kepala
ğŸ’†â€â™€,kepala
ğŸ’‡,cantik
ğŸ’‡â€â™‚,lakilaki
ğŸ’‡â€â™€,perempuan
ğŸš¶,jalan
ğŸš¶â€â™‚,jalan
ğŸš¶â€â™€,jalan
ğŸ§,berdiri
ğŸ§â€â™‚,berdiri
ğŸ§â€â™€,berdiri
ğŸ§,berlutut
ğŸ§â€â™‚,berlutut
ğŸ§â€â™€,berlutut
ğŸ§‘â€ğŸ¦¯,aksesibilitas
ğŸ‘¨â€ğŸ¦¯,aksesiblitas
ğŸ‘©â€ğŸ¦¯,aksesiblitas
ğŸ§‘â€ğŸ¦¼,aksesibilitas
ğŸ‘¨â€ğŸ¦¼,aksesibilitas
ğŸ‘©â€ğŸ¦¼,aksesibilitas
ğŸ§‘â€ğŸ¦½,aksesibilitas
ğŸ‘¨â€ğŸ¦½,aksesibilitas
ğŸ‘©â€ğŸ¦½,aksesibilitas
ğŸƒ,lari
ğŸƒâ€â™‚,kaki
ğŸƒâ€â™€,kaki
ğŸ’ƒ,dansa
ğŸ•º,berdansa
ğŸ•´,bisnis
ğŸ‘¯,berpesta
ğŸ‘¯â€â™‚,kostum
ğŸ‘¯â€â™€,kostum
ğŸ§–,orang di ruangan beruap
ğŸ§–â€â™‚,pria di ruangan beruap
ğŸ§–â€â™€,ruang uap
ğŸ§—,orang memanjat
ğŸ§—â€â™‚,pemanjat
ğŸ§—â€â™€,pemanjat
ğŸ¤º,anggar
ğŸ‡,balap kuda
â›·,pemain ski
ğŸ‚,papan
ğŸŒ,bola
ğŸŒâ€â™‚,bermain
ğŸŒâ€â™€,bermain
ğŸ„,orang berselancar
ğŸ„â€â™‚,lakilaki
ğŸ„â€â™€,ombak
ğŸš£,kendaraan
ğŸš£â€â™‚,dayung
ğŸš£â€â™€,dayung
ğŸŠ,orang berenang
ğŸŠâ€â™‚,lakilaki
ğŸŠâ€â™€,perempuan
â›¹,bola
â›¹â€â™‚,bola
â›¹â€â™€,bola
ğŸ‹,angkat
ğŸ‹â€â™‚,angkat
ğŸ‹â€â™€,angkat
ğŸš´,orang bersepeda
ğŸš´â€â™‚,lakilaki
ğŸš´â€â™€,perempuan
ğŸšµ,gunung
ğŸšµâ€â™‚,gunung
ğŸšµâ€â™€,gunung
ğŸ¤¸,gimnastik
ğŸ¤¸â€â™‚,balik
ğŸ¤¸â€â™€,balik
ğŸ¤¼,gulat
ğŸ¤¼â€â™‚,gulat
ğŸ¤¼â€â™€,gulat
ğŸ¤½,air
ğŸ¤½â€â™‚,lakilaki
ğŸ¤½â€â™€,perempuan
ğŸ¤¾,bola
ğŸ¤¾â€â™‚,bola tangan
ğŸ¤¾â€â™€,bola tangan
ğŸ¤¹,juggling
ğŸ¤¹â€â™‚,atraksi
ğŸ¤¹â€â™€,atraksi
ğŸ§˜,meditasi
ğŸ§˜â€â™‚,meditasi
ğŸ§˜â€â™€,meditasi
ğŸ›€,bak mandi
ğŸ›Œ,hotel
ğŸ§‘â€ğŸ¤â€ğŸ§‘,bergandengan
ğŸ‘­,cewek
ğŸ‘«,pasangan
ğŸ‘¬,cowok
ğŸ’,berciuman
ğŸ’‘,cinta
ğŸ—£,berbicara
ğŸ‘¤,bayangan
ğŸ‘¥,bayangan
ğŸ«‚,halo
ğŸ‘ª,anak
ğŸ§‘â€ğŸ§‘â€ğŸ§’,anak
ğŸ§‘â€ğŸ§‘â€ğŸ§’â€ğŸ§’,anak
ğŸ§‘â€ğŸ§’,anak
ğŸ§‘â€ğŸ§’â€ğŸ§’,anak
ğŸ‘£,badan
ğŸ¦°,cokelat kemerahan
ğŸ¦±,afro
ğŸ¦³,abuabu
ğŸ¦²,botak
ğŸµ,monyet
ğŸ’,monyet
ğŸ¦,binatang
ğŸ¦§,kera
ğŸ¶,anjing
ğŸ•,anjing
ğŸ¦®,aksesibilitas
ğŸ•â€ğŸ¦º,aksesibilitas
ğŸ©,anjing
ğŸº,muka
ğŸ¦Š,muka
ğŸ¦,licik
ğŸ±,hewan
ğŸˆ,hewan
ğŸˆâ€â¬›,hitam
ğŸ¦,leo
ğŸ¯,macan
ğŸ…,harimau
ğŸ†,macan
ğŸ´,kuda
ğŸ«,hewan
ğŸ«,hewan
ğŸ,balap
ğŸ¦„,muka
ğŸ¦“,belang
ğŸ¦Œ,binatang
ğŸ¦¬,bison
ğŸ®,muka
ğŸ‚,lembu
ğŸƒ,air
ğŸ„,sapi
ğŸ·,babi
ğŸ–,babi
ğŸ—,babi
ğŸ½,babi
ğŸ,aries
ğŸ‘,betina
ğŸ,capricorn
ğŸª,dromedari
ğŸ«,baktrian
ğŸ¦™,alpaka
ğŸ¦’,bintik
ğŸ˜,gajah
ğŸ¦£,berbulu tebal
ğŸ¦,badak
ğŸ¦›,kuda nil
ğŸ­,muka
ğŸ,tikus
ğŸ€,tikus
ğŸ¹,hamster
ğŸ°,hewan peliharaan
ğŸ‡,hewan peliharaan
ğŸ¿,tupai
ğŸ¦«,bendungan
ğŸ¦”,berduri
ğŸ¦‡,binatang
ğŸ»,beruang
ğŸ»â€â„,arktika
ğŸ¨,beruang
ğŸ¼,muka
ğŸ¦¥,kungkang
ğŸ¦¦,berangberang
ğŸ¦¨,bau
ğŸ¦˜,australia
ğŸ¦¡,hewan pengganggu
ğŸ¾,cakar
ğŸ¦ƒ,burung
ğŸ”,ayam
ğŸ“,ayam jago
ğŸ£,ayam
ğŸ¤,ayam
ğŸ¥,ayam
ğŸ¦,burung
ğŸ§,burung
ğŸ•Š,burung
ğŸ¦…,burung
ğŸ¦†,bebek
ğŸ¦¢,angsa leher panjang
ğŸ¦‰,bijaksana
ğŸ¦¤,besar
ğŸª¶,bulu
ğŸ¦©,flamboyan
ğŸ¦š,angkuh
ğŸ¦œ,bajak laut
ğŸª½,burung
ğŸ¦â€â¬›,burung
ğŸª¿,angsa leher pendek
ğŸ¦â€ğŸ”¥,burung api
ğŸ¸,katak
ğŸŠ,buaya
ğŸ¢,kurakura
ğŸ¦,kadal
ğŸ,ofiukus
ğŸ²,dongeng
ğŸ‰,dongeng
ğŸ¦•,brachiosaurus
ğŸ¦–,trex
ğŸ³,ikan paus menyembur
ğŸ‹,ikan
ğŸ¬,lumbalumba
ğŸ¦­,anjing laut
ğŸŸ,ikan
ğŸ ,ikan
ğŸ¡,ikan
ğŸ¦ˆ,hiu
ğŸ™,gurita
ğŸš,cangkang
ğŸª¸,karang
ğŸª¼,aduh
ğŸŒ,keong
ğŸ¦‹,cantik
ğŸ›,serangga
ğŸœ,semut
ğŸ,lebah
ğŸª²,hama
ğŸ,kumbang
ğŸ¦—,belalang
ğŸª³,coro
ğŸ•·,labalaba
ğŸ•¸,jaring labalaba
ğŸ¦‚,kalajengking
ğŸ¦Ÿ,demam
ğŸª°,belatung
ğŸª±,annelida
ğŸ¦ ,amuba
ğŸ’,bunga
ğŸŒ¸,bunga
ğŸ’®,bunga
ğŸª·,buddha
ğŸµ,hiasan mawar
ğŸŒ¹,bunga
ğŸ¥€,bunga
ğŸŒº,bunga
ğŸŒ»,bunga
ğŸŒ¼,bunga
ğŸŒ·,bunga
ğŸª»,bunga
ğŸŒ±,muda
ğŸª´,membosankan
ğŸŒ²,pohon
ğŸŒ³,gugur
ğŸŒ´,palem
ğŸŒµ,kaktus
ğŸŒ¾,bulir
ğŸŒ¿,daun
â˜˜,shamrock
ğŸ€,
ğŸ,daun
ğŸ‚,daun
ğŸƒ,angin
ğŸª¹,bersarang
ğŸªº,bersarang
ğŸ„,jamur
ğŸ‡,anggur
ğŸˆ,buah
ğŸ‰,buah
ğŸŠ,buah
ğŸ‹,buah
ğŸ‹â€ğŸŸ©,buah
ğŸŒ,buah
ğŸ,buah
ğŸ¥­,buah
ğŸ,apel
ğŸ,apel
ğŸ,buah
ğŸ‘,buah
ğŸ’,buah
ğŸ“,beri
ğŸ«,beri
ğŸ¥,buah
ğŸ…,sayur
ğŸ«’,makanan
ğŸ¥¥,kelapa
ğŸ¥‘,alpukat
ğŸ†,sayur
ğŸ¥”,kentang
ğŸ¥•,makanan
ğŸŒ½,bonggol jagung
ğŸŒ¶,cabai pedas
ğŸ«‘,capsicum
ğŸ¥’,acar
ğŸ¥¬,bokcoy
ğŸ¥¦,brokoli
ğŸ§„,bawang putih
ğŸ§…,bawang bombay
ğŸ¥œ,kacang
ğŸ«˜,ginjal
ğŸŒ°,kastanye
ğŸ«š,akar
ğŸ«›,edamame
ğŸ„â€ğŸŸ«,alam
ğŸ,roti
ğŸ¥,croissant
ğŸ¥–,baget
ğŸ«“,areva
ğŸ¥¨,berkeluk
ğŸ¥¯,bagel
ğŸ¥,pancake
ğŸ§‡,makanan
ğŸ§€,irisan keju
ğŸ–,daging
ğŸ—,ayam
ğŸ¥©,babi
ğŸ¥“,babi asap
ğŸ”,burger
ğŸŸ,goreng
ğŸ•,keju
ğŸŒ­,hot dog
ğŸ¥ª,roti
ğŸŒ®,meksiko
ğŸŒ¯,burrito
ğŸ«”,makanan meksiko
ğŸ¥™,falafel
ğŸ§†,bebola
ğŸ¥š,makanan
ğŸ³,memasak
ğŸ¥˜,kaserol
ğŸ²,mangkuk
ğŸ«•,cokelat
ğŸ¥£,bubur
ğŸ¥—,makanan
ğŸ¿,berondong
ğŸ§ˆ,mentega
ğŸ§‚,bumbu
ğŸ¥«,kaleng
ğŸ±,bento
ğŸ˜,beras
ğŸ™,bola
ğŸš,masak
ğŸ›,kari
ğŸœ,mangkuk
ğŸ,pasta
ğŸ ,kentang
ğŸ¢,kebab
ğŸ£,sushi
ğŸ¤,goreng
ğŸ¥,ikan
ğŸ¥®,festival
ğŸ¡,dango
ğŸ¥Ÿ,dumpling
ğŸ¥ ,kue keberuntungan
ğŸ¥¡,kotak makanan
ğŸ¦€,cancer
ğŸ¦,capit
ğŸ¦,makanan
ğŸ¦‘,cumi
ğŸ¦ª,menyelam
ğŸ¦,es
ğŸ§,es
ğŸ¨,es
ğŸ©,donat
ğŸª,biskuit
ğŸ‚,hidangan penutup
ğŸ°,kue
ğŸ§,kue mangkuk
ğŸ¥§,isi
ğŸ«,batangan
ğŸ¬,makanan
ğŸ­,makanan
ğŸ®,makanan
ğŸ¯,kendi
ğŸ¼,bayi
ğŸ¥›,gelas
â˜•,kopi
ğŸ«–,minum
ğŸµ,cangkir
ğŸ¶,bar
ğŸ¾,bar
ğŸ·,anggur
ğŸ¸,bar
ğŸ¹,bar
ğŸº,bar
ğŸ»,bar
ğŸ¥‚,cling
ğŸ¥ƒ,alkohol
ğŸ«—,gelas
ğŸ¥¤,cangkir dengan sedotan
ğŸ§‹,bubble
ğŸ§ƒ,kotak jus
ğŸ§‰,minuman
ğŸ§Š,dingin
ğŸ¥¢,hashi
ğŸ½,garpu
ğŸ´,garpu
ğŸ¥„,alat makan
ğŸ”ª,alat
ğŸ«™,bumbu
ğŸº,amphora
ğŸŒ,afrika
ğŸŒ,amerika
ğŸŒ,asia
ğŸŒ,asia
ğŸ—º,dunia
ğŸ—¾,jepang
ğŸ§­,kompas
ğŸ”,dingin
â›°,gunung
ğŸŒ‹,cuaca
ğŸ—»,fuji
ğŸ•,berkemah
ğŸ–,pantai
ğŸœ,gurun
ğŸ,gurun
ğŸ,taman
ğŸŸ,stadion
ğŸ›,bangunan
ğŸ—,bangunan
ğŸ§±,adukan semen
ğŸª¨,batu
ğŸªµ,gelondong
ğŸ›–,pondok
ğŸ˜,bangunan
ğŸš,bangunan
ğŸ ,bangunan
ğŸ¡,bangunan
ğŸ¢,gedung
ğŸ£,gedung
ğŸ¤,eropa
ğŸ¥,bangunan
ğŸ¦,bangunan
ğŸ¨,bangunan
ğŸ©,bangunan
ğŸª,bangunan
ğŸ«,bangunan
ğŸ¬,bangunan
ğŸ­,bangunan
ğŸ¯,bangunan
ğŸ°,bangunan
ğŸ’’,kapel
ğŸ—¼,menara
ğŸ—½,liberty
â›ª,agama
ğŸ•Œ,agama
ğŸ›•,hindu
ğŸ•,agama
â›©,agama
ğŸ•‹,agama
â›²,air
â›º,berkemah
ğŸŒ,berkabut
ğŸŒƒ,bintang
ğŸ™,bangunan
ğŸŒ„,cuaca
ğŸŒ…,cuaca
ğŸŒ†,kota
ğŸŒ‡,bangunan
ğŸŒ‰,cuaca
â™¨,air
ğŸ ,karosel
ğŸ›,bermain
ğŸ¡,hiburan
ğŸ¢,coaster
ğŸ’ˆ,potong
ğŸª,sirkus
ğŸš‚,kendaraan
ğŸšƒ,bus listrik
ğŸš„,cepat
ğŸš…,cepat
ğŸš†,kendaraan
ğŸš‡,bawah
ğŸšˆ,kendaraan
ğŸš‰,kendaraan
ğŸšŠ,kendaraan
ğŸš,kendaraan
ğŸš,gunung
ğŸš‹,gerbong trem
ğŸšŒ,bus
ğŸš,bus
ğŸš,bus
ğŸš,bus
ğŸš‘,ambulans
ğŸš’,api
ğŸš“,kendaraan
ğŸš”,datang
ğŸš•,kendaraan
ğŸš–,datang
ğŸš—,kendaraan
ğŸš˜,datang
ğŸš™,kendaraan
ğŸ›»,pickup
ğŸšš,kendaraan
ğŸš›,kendaraan
ğŸšœ,kendaraan
ğŸ,balapan
ğŸ,balapan
ğŸ›µ,motor
ğŸ¦½,aksesibilitas
ğŸ¦¼,aksesibilitas
ğŸ›º,bajaj
ğŸš²,kendaraan
ğŸ›´,otoped
ğŸ›¹,papan
ğŸ›¼,roda
ğŸš,bus
ğŸ›£,jalan
ğŸ›¤,jalan
ğŸ›¢,drum
â›½,bahan
ğŸ›,ban
ğŸš¨,berputar
ğŸš¥,lalu
ğŸš¦,lalu
ğŸ›‘,heksagon
ğŸš§,konstruksi
âš“,alat
ğŸ›Ÿ,ban pelampung
â›µ,kapal
ğŸ›¶,getek
ğŸš¤,kendaraan
ğŸ›³,kapal
â›´,kapal feri
ğŸ›¥,bermotor
ğŸš¢,kapal
âœˆ,kendaraan
ğŸ›©,kendaraan
ğŸ›«,checkin
ğŸ›¬,datang
ğŸª‚,hangglide
ğŸ’º,duduk
ğŸš,helikopter
ğŸšŸ,kendaraan
ğŸš ,gondola
ğŸš¡,gondola
ğŸ›°,angkasa
ğŸš€,angkasa
ğŸ›¸,piring terbang
ğŸ›,bel meja
ğŸ§³,bepergian
âŒ›,jam pasir
â³,jam
âŒš,jam
â°,alarm
â±,jam
â²,jam
ğŸ•°,jam
ğŸ•›,
ğŸ•§,
ğŸ•,
ğŸ•œ,
ğŸ•‘,
ğŸ•,
ğŸ•’,
ğŸ•,
ğŸ•“,
ğŸ•Ÿ,
ğŸ•”,
ğŸ• ,
ğŸ••,
ğŸ•¡,
ğŸ•–,
ğŸ•¢,
ğŸ•—,
ğŸ•£,
ğŸ•˜,
ğŸ•¤,
ğŸ•™,
ğŸ•¥,
ğŸ•š,
ğŸ•¦,
ğŸŒ‘,angkasa
ğŸŒ’,angkasa
ğŸŒ“,angkasa
ğŸŒ”,angkasa
ğŸŒ•,angkasa
ğŸŒ–,angkasa
ğŸŒ—,angkasa
ğŸŒ˜,angkasa
ğŸŒ™,angkasa
ğŸŒš,angkasa
ğŸŒ›,angkasa
ğŸŒœ,angkasa
ğŸŒ¡,cuaca
â˜€,angkasa
ğŸŒ,angkasa
ğŸŒ,angkasa
ğŸª,planet bercincin
â­,bintang
ğŸŒŸ,berkilau
ğŸŒ ,angkasa
ğŸŒŒ,bima sakti
â˜,awan
â›…,awan
â›ˆ,awan
ğŸŒ¤,awan
ğŸŒ¥,awan
ğŸŒ¦,awan
ğŸŒ§,awan
ğŸŒ¨,awan
ğŸŒ©,awan
ğŸŒª,angin
ğŸŒ«,awan
ğŸŒ¬,angin
ğŸŒ€,berputarputar
ğŸŒˆ,cuaca
ğŸŒ‚,cuaca
â˜‚,cuaca
â˜”,cuaca
â›±,cuaca
âš¡,bahaya
â„,cuaca
â˜ƒ,boneka salju dengan hujan salju
â›„,boneka
â˜„,angkasa
ğŸ”¥,alat
ğŸ’§,cuaca
ğŸŒŠ,air
ğŸƒ,halloween
ğŸ„,natal
ğŸ†,kembang api
ğŸ‡,api
ğŸ§¨,bahan peledak
âœ¨,berkilau
ğŸˆ,balon
ğŸ‰,jreng
ğŸŠ,bola
ğŸ‹,jepang
ğŸ,bambu
ğŸ,boneka
ğŸ,bendera ikan koi
ğŸ,angin
ğŸ‘,bulan
ğŸ§§,amplop merah
ğŸ€,perayaan
ğŸ,bungkusan
ğŸ—,pengingat
ğŸŸ,masuk
ğŸ«,masuk
ğŸ–,medali
ğŸ†,hadiah
ğŸ…,medali
ğŸ¥‡,emas
ğŸ¥ˆ,juara kedua
ğŸ¥‰,juara ketiga
âš½,bola
âš¾,bisbol
ğŸ¥,bola
ğŸ€,bola
ğŸ,bola
ğŸˆ,american football
ğŸ‰,bola
ğŸ¾,bola
ğŸ¥,cakram
ğŸ³,bola
ğŸ,bola
ğŸ‘,bola
ğŸ’,bola karet
ğŸ¥,bola
ğŸ“,bet
ğŸ¸,bulu tangkis
ğŸ¥Š,olahraga
ğŸ¥‹,bela diri
ğŸ¥…,gawang
â›³,bendera di lubang golf
â›¸,es
ğŸ£,ikan
ğŸ¤¿,kacamata selam
ğŸ½,kaos
ğŸ¿,salju
ğŸ›·,kereta luncur
ğŸ¥Œ,batu
ğŸ¯,anak panah
ğŸª€,mainan
ğŸª,layanglayang
ğŸ”«,alat
ğŸ±,
ğŸ”®,alat
ğŸª„,penyihir pria
ğŸ®,game
ğŸ•¹,game
ğŸ°,game
ğŸ²,dadu
ğŸ§©,keping puzzle
ğŸ§¸,boneka
ğŸª…,perayaan
ğŸª©,bola disko
ğŸª†,bersarang
â™ ,kartu
â™¥,hati
â™¦,kartu
â™£,kartu
â™Ÿ,anak buah
ğŸƒ,joker
ğŸ€„,game
ğŸ´,bunga
ğŸ­,seni
ğŸ–¼,bingkai
ğŸ¨,lukisan
ğŸ§µ,benang
ğŸª¡,jahit
ğŸ§¶,bola
ğŸª¢,belitan
ğŸ‘“,kaca
ğŸ•¶,hitam
ğŸ¥½,berenang
ğŸ¥¼,dokter
ğŸ¦º,darurat
ğŸ‘”,dasi
ğŸ‘•,kaos
ğŸ‘–,celana
ğŸ§£,leher
ğŸ§¤,sarung tangan
ğŸ§¥,jaket
ğŸ§¦,kaos kaki
ğŸ‘—,gaun
ğŸ‘˜,kimono
ğŸ¥»,gaun
ğŸ©±,pakaian renang
ğŸ©²,baju renang
ğŸ©³,baju renang
ğŸ‘™,bikini
ğŸ‘š,pakaian
ğŸª­,kepakan
ğŸ‘›,dompet
ğŸ‘œ,pakaian
ğŸ‘,kantung
ğŸ›,belanja
ğŸ’,ransel
ğŸ©´,sandal
ğŸ‘,pakaian
ğŸ‘Ÿ,atletik
ğŸ¥¾,backpacking
ğŸ¥¿,sandal selop
ğŸ‘ ,hak
ğŸ‘¡,pakaian
ğŸ©°,balet
ğŸ‘¢,bot
ğŸª®,afro
ğŸ‘‘,mahkota
ğŸ‘’,pakaian
ğŸ©,pakaian
ğŸ“,pakaian
ğŸ§¢,topi berlidah
ğŸª–,angkatan darat
â›‘,helm
ğŸ“¿,agama
ğŸ’„,dandan
ğŸ’,berlian
ğŸ’,batu permata
ğŸ”‡,bisu
ğŸ”ˆ,lembut
ğŸ”‰,medium
ğŸ”Š,keras
ğŸ“¢,keras
ğŸ“£,bersorak
ğŸ“¯,pos
ğŸ””,lonceng
ğŸ”•,bisu
ğŸ¼,musik
ğŸµ,musik
ğŸ¶,musik
ğŸ™,mik
ğŸš,level
ğŸ›,kenop
ğŸ¤,karaoke
ğŸ§,earbud
ğŸ“»,radio
ğŸ·,instrumen
ğŸª—,akordeon
ğŸ¸,gitar
ğŸ¹,instrumen
ğŸº,instrumen
ğŸ»,biola
ğŸª•,banjo
ğŸ¥,drum
ğŸª˜,conga
ğŸª‡,alat musik
ğŸªˆ,alat musik tiup
ğŸ“±,ponsel
ğŸ“²,panah
â˜,telepon
ğŸ“,gagang telepon
ğŸ“Ÿ,pager
ğŸ“ ,faksimili
ğŸ”‹,baterai
ğŸª«,baterai lemah
ğŸ”Œ,listrik
ğŸ’»,komputer
ğŸ–¥,desktop
ğŸ–¨,komputer
âŒ¨,keyboard
ğŸ–±,komputer
ğŸ–²,komputer
ğŸ’½,disk
ğŸ’¾,disk
ğŸ’¿,cd
ğŸ“€,bluray
ğŸ§®,kalkulasi
ğŸ¥,film
ğŸ,film
ğŸ“½,film
ğŸ¬,film
ğŸ“º,televisi
ğŸ“·,kamera
ğŸ“¸,flash
ğŸ“¹,kamera
ğŸ“¼,kaset video
ğŸ”,alat
ğŸ”,alat
ğŸ•¯,cahaya
ğŸ’¡,bohlam
ğŸ”¦,alat
ğŸ®,bar
ğŸª”,diya
ğŸ“”,buku
ğŸ“•,buku
ğŸ“–,buku
ğŸ“—,buku
ğŸ“˜,biru
ğŸ“™,buku
ğŸ“š,buku
ğŸ““,buku catatan
ğŸ“’,buku besar
ğŸ“ƒ,dokumen
ğŸ“œ,gulungan
ğŸ“„,dokumen
ğŸ“°,berita
ğŸ—,berita
ğŸ“‘,penanda
ğŸ”–,pembatas buku
ğŸ·,label
ğŸ’°,dolar
ğŸª™,emas
ğŸ’´,mata uang
ğŸ’µ,dolar
ğŸ’¶,euro
ğŸ’·,mata uang
ğŸ’¸,sayap
ğŸ’³,kartu
ğŸ§¾,akuntansi
ğŸ’¹,bagan
âœ‰,amplop
ğŸ“§,email
ğŸ“¨,amplop
ğŸ“©,amplop
ğŸ“¤,baki
ğŸ“¥,baki
ğŸ“¦,kotak
ğŸ“«,kotak surat
ğŸ“ª,kotak surat
ğŸ“¬,kotak surat
ğŸ“­,kotak surat
ğŸ“®,kotak pos
ğŸ—³,kotak
âœ,pensil
âœ’,pena
ğŸ–‹,pena
ğŸ–Š,bolpoin
ğŸ–Œ,kuas
ğŸ–,krayon
ğŸ“,memo
ğŸ’¼,tas kantor
ğŸ“,file
ğŸ“‚,file
ğŸ—‚,indeks
ğŸ“…,kalender
ğŸ“†,kalender
ğŸ—’,catatan
ğŸ—“,kalender
ğŸ“‡,indeks
ğŸ“ˆ,bagan
ğŸ“‰,bagan
ğŸ“Š,bagan
ğŸ“‹,papan klip
ğŸ“Œ,paku penanda
ğŸ“,paku
ğŸ“,klip kertas
ğŸ–‡,klip kertas
ğŸ“,penggaris
ğŸ“,penggaris
âœ‚,alat
ğŸ—ƒ,file
ğŸ—„,file
ğŸ—‘,keranjang sampah
ğŸ”’,gembok
ğŸ”“,buka
ğŸ”,gembok
ğŸ”,aman
ğŸ”‘,kunci
ğŸ—,antik
ğŸ”¨,alat
ğŸª“,belah
â›,alat
âš’,alat
ğŸ› ,alat
ğŸ—¡,belati
âš”,pedang
ğŸ’£,bom
ğŸªƒ,australia
ğŸ¹,busur
ğŸ›¡,perisai
ğŸªš,gergaji
ğŸ”§,alat
ğŸª›,alat
ğŸ”©,alat
âš™,alat
ğŸ—œ,alat
âš–,imbang
ğŸ¦¯,aksesibilitas
ğŸ”—,tautan
â›“â€ğŸ’¥,ikatan
â›“,rantai
ğŸª,kail
ğŸ§°,kotak perkakas
ğŸ§²,ladam
ğŸªœ,anak tangga
âš—,alat
ğŸ§ª,ahli kimia
ğŸ§«,ahli biologi
ğŸ§¬,ahli biologi
ğŸ”¬,alat
ğŸ”­,alat
ğŸ“¡,antena
ğŸ’‰,jarum
ğŸ©¸,donor darah
ğŸ’Š,dokter
ğŸ©¹,plester
ğŸ©¼,bantuan mobilitas
ğŸ©º,dokter
ğŸ©»,dokter
ğŸšª,pintu
ğŸ›—,aksesibilitas
ğŸª,cermin
ğŸªŸ,bingkai
ğŸ›,hotel
ğŸ›‹,hotel
ğŸª‘,bangku
ğŸš½,toilet
ğŸª ,penyedot
ğŸš¿,air
ğŸ›,bathtub
ğŸª¤,jebakan
ğŸª’,cukur
ğŸ§´,botol losion
ğŸ§·,peniti
ğŸ§¹,membersihkan
ğŸ§º,berkebun
ğŸ§»,gulungan kertas
ğŸª£,ember
ğŸ§¼,batang
ğŸ«§,bawah air
ğŸª¥,bersih
ğŸ§½,berpori
ğŸ§¯,alat pemadam api ringan
ğŸ›’,belanja
ğŸš¬,merokok
âš°,kematian
ğŸª¦,batu nisan
âš±,abu
ğŸ§¿,jimat
ğŸª¬,fatima
ğŸ—¿,moai
ğŸª§,demonstrasi
ğŸªª,identitas
ğŸ§,atm
ğŸš®,keranjang sampah
ğŸš°,air
â™¿,akses
ğŸš¹,kamar kecil
ğŸšº,kamar kecil
ğŸš»,kamar kecil
ğŸš¼,bayi
ğŸš¾,air
ğŸ›‚,kontrol
ğŸ›ƒ,bea cukai
ğŸ›„,bagasi
ğŸ›…,bagasi
âš ,peringatan
ğŸš¸,anak
â›”,dilarang
ğŸš«,dilarang
ğŸš³,dilarang
ğŸš­,dilarang
ğŸš¯,dilarang
ğŸš±,air
ğŸš·,dilarang
ğŸ“µ,dilarang menggunakan ponsel
ğŸ”,
â˜¢,radioaktif
â˜£,biohazard
â¬†,arah
â†—,arah
â¡,arah
â†˜,arah
â¬‡,arah
â†™,arah
â¬…,arah
â†–,arah
â†•,panah
â†”,panah
â†©,panah
â†ª,panah
â¤´,panah
â¤µ,bawah
ğŸ”ƒ,muat ulang
ğŸ”„,berlawan arah matahari
ğŸ”™,kembali
ğŸ”š,berakhir
ğŸ”›,aktif
ğŸ”œ,panah
ğŸ”,ke atas
ğŸ›,agama
âš›,ateis
ğŸ•‰,agama
âœ¡,agama
â˜¸,agama
â˜¯,agama
âœ,agama
â˜¦,agama
â˜ª,agama
â˜®,damai
ğŸ•,agama
ğŸ”¯,bintang
ğŸª¯,agama
â™ˆ,aries
â™‰,banteng
â™Š,gemini
â™‹,cancer
â™Œ,leo
â™,virgo
â™,adil
â™,kalajengking
â™,pemanah
â™‘,capricorn
â™’,air
â™“,ikan
â›,ophiuchus
ğŸ”€,bersilangan
ğŸ”,panah
ğŸ”‚,panah
â–¶,kanan
â©,cepat
â­,adegan selanjutnya
â¯,jeda
â—€,balik
âª,dobel
â®,adegan sebelumnya
ğŸ”¼,merah
â«,dobel
ğŸ”½,bawah
â¬,bawah
â¸,batang
â¹,berhenti
âº,lingkaran
â,keluarkan
ğŸ¦,film
ğŸ”…,kecerahan
ğŸ”†,cerah
ğŸ“¶,antena
ğŸ›œ,internet
ğŸ“³,getar
ğŸ“´,mati
â™€,perempuan
â™‚,lakilaki
âš§,simbol transgender
âœ–,batal
â•,matematika
â–,kurang
â—,bagi
ğŸŸ°,matematika
â™¾,selamanya
â€¼,bangbang
â‰,pertanyaan
â“,pertanyaan
â”,garis luar
â•,garis luar
â—,tanda
ğŸ’±,bank
ğŸ’²,dolar
âš•,aesculapius
â™»,daur ulang
âšœ,fleurdelis
ğŸ”±,alat
ğŸ“›,lencana
ğŸ”°,daun
â­•,lingkaran
âœ…,centang
â˜‘,centang
âœ”,centang
âŒ,batal
â,kotak
â°,gelombang
â¿,dobel
âœ³,bintang berujung lancip delapan
âœ´,bintang
â‡,kilauan
ğŸ” ,abcd
ğŸ”¡,abcd
ğŸ”¢,
ğŸ”£, 
ğŸ”¤,abc
ğŸ…°,a
ğŸ†,ab
ğŸ…±,b
ğŸ†‘,cl
ğŸ†’,cool
ğŸ†“,bebas
â„¹,i
ğŸ†”,id
â“‚,huruf m dalam lingkaran
ğŸ†•,baru
ğŸ†–,ng
ğŸ…¾,golongan darah
ğŸ†—,oke
ğŸ…¿,parkir
ğŸ†˜,bantuan
ğŸ†™,ke atas
ğŸ†š,tombol vs
ğŸˆ, di sini 
ğŸˆ‚, biaya layanan 
ğŸˆ·, jumlah bulanan 
ğŸˆ¶, tidak gratis 
ğŸˆ¯, sudah dipesan 
ğŸ‰,jepang
ğŸˆ¹, diskon 
ğŸˆš, gratis 
ğŸˆ², dilarang 
ğŸ‰‘, dapat diterima 
ğŸˆ¸,china
ğŸˆ´, nilai kelulusan 
ğŸˆ³, ada lowongan 
ãŠ—, selamat 
ãŠ™, rahasia 
ğŸˆº, siap berbisnis 
ğŸˆµ, tidak ada lowongan 
ğŸ”´,geometri
ğŸŸ ,lingkaran
ğŸŸ¡,kuning
ğŸŸ¢,hijau
ğŸ”µ,biru
ğŸŸ£,lingkaran
ğŸŸ¤,cokelat
âš«,geometri
âšª,geometri
ğŸŸ¥,merah
ğŸŸ§,oranye
ğŸŸ¨,kuning
ğŸŸ©,hijau
ğŸŸ¦,biru
ğŸŸª,persegi
ğŸŸ«,cokelat
â¬›,geometri
â¬œ,geometri
â—¼,geometri
â—»,geometri
â—¾,geometri
â—½,geometri
â–ª,geometri
â–«,geometri
ğŸ”¶,geometri
ğŸ”·,biru
ğŸ”¸,geometri
ğŸ”¹,biru
ğŸ”º,geometri
ğŸ”»,geometri
ğŸ’ ,di dalam
ğŸ”˜,geometri
ğŸ”³,garis luar
ğŸ”²,geometri
ğŸ,balapan
ğŸš©,bendera segitiga
ğŸŒ,bendera menyilang
ğŸ´,bendera hitam
ğŸ³,bendera putih
ğŸ³â€ğŸŒˆ,bendera pelangi
ğŸ³â€âš§,bendera
ğŸ´â€â˜ ,bajak
Âµ,tanda mikro
ğŸ‘‹ğŸ»,badan
ğŸ‘‹ğŸ¼,badan
ğŸ‘‹ğŸ½,badan
ğŸ‘‹ğŸ¾,badan
ğŸ‘‹ğŸ¿,badan
ğŸ¤šğŸ»,angkat tangan
ğŸ¤šğŸ¼,angkat tangan
ğŸ¤šğŸ½,angkat tangan
ğŸ¤šğŸ¾,angkat tangan
ğŸ¤šğŸ¿,angkat tangan
ğŸ–ğŸ»,badan
ğŸ–ğŸ¼,badan
ğŸ–ğŸ½,badan
ğŸ–ğŸ¾,badan
ğŸ–ğŸ¿,badan
âœ‹ğŸ»,badan
âœ‹ğŸ¼,badan
âœ‹ğŸ½,badan
âœ‹ğŸ¾,badan
âœ‹ğŸ¿,badan
ğŸ––ğŸ»,badan
ğŸ––ğŸ¼,badan
ğŸ––ğŸ½,badan
ğŸ––ğŸ¾,badan
ğŸ––ğŸ¿,badan
ğŸ«±ğŸ»,kanan
ğŸ«±ğŸ¼,kanan
ğŸ«±ğŸ½,kanan
ğŸ«±ğŸ¾,kanan
ğŸ«±ğŸ¿,kanan
ğŸ«±ğŸ»â€ğŸ«²ğŸ¼,jabat tangan
ğŸ«±ğŸ»â€ğŸ«²ğŸ½,jabat tangan
ğŸ«±ğŸ»â€ğŸ«²ğŸ¾,jabat tangan
ğŸ«±ğŸ»â€ğŸ«²ğŸ¿,jabat tangan
ğŸ«±ğŸ¼â€ğŸ«²ğŸ»,jabat tangan
ğŸ«±ğŸ¼â€ğŸ«²ğŸ½,jabat tangan
ğŸ«±ğŸ¼â€ğŸ«²ğŸ¾,jabat tangan
ğŸ«±ğŸ¼â€ğŸ«²ğŸ¿,jabat tangan
ğŸ«±ğŸ½â€ğŸ«²ğŸ»,jabat tangan
ğŸ«±ğŸ½â€ğŸ«²ğŸ¼,jabat tangan
ğŸ«±ğŸ½â€ğŸ«²ğŸ¾,jabat tangan
ğŸ«±ğŸ½â€ğŸ«²ğŸ¿,jabat tangan
ğŸ«±ğŸ¾â€ğŸ«²ğŸ»,jabat tangan
ğŸ«±ğŸ¾â€ğŸ«²ğŸ¼,jabat tangan
ğŸ«±ğŸ¾â€ğŸ«²ğŸ½,jabat tangan
ğŸ«±ğŸ¾â€ğŸ«²ğŸ¿,jabat tangan
ğŸ«±ğŸ¿â€ğŸ«²ğŸ»,jabat tangan
ğŸ«±ğŸ¿â€ğŸ«²ğŸ¼,jabat tangan
ğŸ«±ğŸ¿â€ğŸ«²ğŸ½,jabat tangan
ğŸ«±ğŸ¿â€ğŸ«²ğŸ¾,jabat tangan
ğŸ«²ğŸ»,kiri
ğŸ«²ğŸ¼,kiri
ğŸ«²ğŸ½,kiri
ğŸ«²ğŸ¾,kiri
ğŸ«²ğŸ¿,kiri
ğŸ«³ğŸ»,hus
ğŸ«³ğŸ¼,hus
ğŸ«³ğŸ½,hus
ğŸ«³ğŸ¾,hus
ğŸ«³ğŸ¿,hus
ğŸ«´ğŸ»,datang
ğŸ«´ğŸ¼,datang
ğŸ«´ğŸ½,datang
ğŸ«´ğŸ¾,datang
ğŸ«´ğŸ¿,datang
ğŸ«·ğŸ»,dorong
ğŸ«·ğŸ¼,dorong
ğŸ«·ğŸ½,dorong
ğŸ«·ğŸ¾,dorong
ğŸ«·ğŸ¿,dorong
ğŸ«¸ğŸ»,dorong
ğŸ«¸ğŸ¼,dorong
ğŸ«¸ğŸ½,dorong
ğŸ«¸ğŸ¾,dorong
ğŸ«¸ğŸ¿,dorong
ğŸ‘ŒğŸ»,badan
ğŸ‘ŒğŸ¼,badan
ğŸ‘ŒğŸ½,badan
ğŸ‘ŒğŸ¾,badan
ğŸ‘ŒğŸ¿,badan
ğŸ¤ŒğŸ»,interogasi
ğŸ¤ŒğŸ¼,interogasi
ğŸ¤ŒğŸ½,interogasi
ğŸ¤ŒğŸ¾,interogasi
ğŸ¤ŒğŸ¿,interogasi
ğŸ¤ğŸ»,sejumlah kecil
ğŸ¤ğŸ¼,sejumlah kecil
ğŸ¤ğŸ½,sejumlah kecil
ğŸ¤ğŸ¾,sejumlah kecil
ğŸ¤ğŸ¿,sejumlah kecil
âœŒğŸ»,badan
âœŒğŸ¼,badan
âœŒğŸ½,badan
âœŒğŸ¾,badan
âœŒğŸ¿,badan
ğŸ¤ğŸ»,beruntung
ğŸ¤ğŸ¼,beruntung
ğŸ¤ğŸ½,beruntung
ğŸ¤ğŸ¾,beruntung
ğŸ¤ğŸ¿,beruntung
ğŸ«°ğŸ»,cinta
ğŸ«°ğŸ¼,cinta
ğŸ«°ğŸ½,cinta
ğŸ«°ğŸ¾,cinta
ğŸ«°ğŸ¿,cinta
ğŸ¤ŸğŸ»,gerakan sayang kamu
ğŸ¤ŸğŸ¼,gerakan sayang kamu
ğŸ¤ŸğŸ½,gerakan sayang kamu
ğŸ¤ŸğŸ¾,gerakan sayang kamu
ğŸ¤ŸğŸ¿,gerakan sayang kamu
ğŸ¤˜ğŸ»,badan
ğŸ¤˜ğŸ¼,badan
ğŸ¤˜ğŸ½,badan
ğŸ¤˜ğŸ¾,badan
ğŸ¤˜ğŸ¿,badan
ğŸ¤™ğŸ»,panggil saya
ğŸ¤™ğŸ¼,panggil saya
ğŸ¤™ğŸ½,panggil saya
ğŸ¤™ğŸ¾,panggil saya
ğŸ¤™ğŸ¿,panggil saya
ğŸ‘ˆğŸ»,badan
ğŸ‘ˆğŸ¼,badan
ğŸ‘ˆğŸ½,badan
ğŸ‘ˆğŸ¾,badan
ğŸ‘ˆğŸ¿,badan
ğŸ‘‰ğŸ»,badan
ğŸ‘‰ğŸ¼,badan
ğŸ‘‰ğŸ½,badan
ğŸ‘‰ğŸ¾,badan
ğŸ‘‰ğŸ¿,badan
ğŸ‘†ğŸ»,atas
ğŸ‘†ğŸ¼,atas
ğŸ‘†ğŸ½,atas
ğŸ‘†ğŸ¾,atas
ğŸ‘†ğŸ¿,atas
ğŸ–•ğŸ»,jari
ğŸ–•ğŸ¼,jari
ğŸ–•ğŸ½,jari
ğŸ–•ğŸ¾,jari
ğŸ–•ğŸ¿,jari
ğŸ‘‡ğŸ»,badan
ğŸ‘‡ğŸ¼,badan
ğŸ‘‡ğŸ½,badan
ğŸ‘‡ğŸ¾,badan
ğŸ‘‡ğŸ¿,badan
â˜ğŸ»,atas
â˜ğŸ¼,atas
â˜ğŸ½,atas
â˜ğŸ¾,atas
â˜ğŸ¿,atas
ğŸ«µğŸ»,anda
ğŸ«µğŸ¼,anda
ğŸ«µğŸ½,anda
ğŸ«µğŸ¾,anda
ğŸ«µğŸ¿,anda
ğŸ‘ğŸ», 
ğŸ‘ğŸ¼, 
ğŸ‘ğŸ½, 
ğŸ‘ğŸ¾, 
ğŸ‘ğŸ¿, 
ğŸ‘ğŸ»,
ğŸ‘ğŸ¼,
ğŸ‘ğŸ½,
ğŸ‘ğŸ¾,
ğŸ‘ğŸ¿,
âœŠğŸ»,badan
âœŠğŸ¼,badan
âœŠğŸ½,badan
âœŠğŸ¾,badan
âœŠğŸ¿,badan
ğŸ‘ŠğŸ»,badan
ğŸ‘ŠğŸ¼,badan
ğŸ‘ŠğŸ½,badan
ğŸ‘ŠğŸ¾,badan
ğŸ‘ŠğŸ¿,badan
ğŸ¤›ğŸ»,kepalan tangan
ğŸ¤›ğŸ¼,kepalan tangan
ğŸ¤›ğŸ½,kepalan tangan
ğŸ¤›ğŸ¾,kepalan tangan
ğŸ¤›ğŸ¿,kepalan tangan
ğŸ¤œğŸ»,kanan
ğŸ¤œğŸ¼,kanan
ğŸ¤œğŸ½,kanan
ğŸ¤œğŸ¾,kanan
ğŸ¤œğŸ¿,kanan
ğŸ‘ğŸ»,badan
ğŸ‘ğŸ¼,badan
ğŸ‘ğŸ½,badan
ğŸ‘ğŸ¾,badan
ğŸ‘ğŸ¿,badan
ğŸ™ŒğŸ»,angkat tangan
ğŸ™ŒğŸ¼,angkat tangan
ğŸ™ŒğŸ½,angkat tangan
ğŸ™ŒğŸ¾,angkat tangan
ğŸ™ŒğŸ¿,angkat tangan
ğŸ«¶ğŸ»,cinta
ğŸ«¶ğŸ¼,cinta
ğŸ«¶ğŸ½,cinta
ğŸ«¶ğŸ¾,cinta
ğŸ«¶ğŸ¿,cinta
ğŸ‘ğŸ»,badan
ğŸ‘ğŸ¼,badan
ğŸ‘ğŸ½,badan
ğŸ‘ğŸ¾,badan
ğŸ‘ğŸ¿,badan
ğŸ¤²ğŸ»,berdoa
ğŸ¤²ğŸ¼,berdoa
ğŸ¤²ğŸ½,berdoa
ğŸ¤²ğŸ¾,berdoa
ğŸ¤²ğŸ¿,berdoa
ğŸ¤ğŸ»,jabat tangan
ğŸ¤ğŸ¼,jabat tangan
ğŸ¤ğŸ½,jabat tangan
ğŸ¤ğŸ¾,jabat tangan
ğŸ¤ğŸ¿,jabat tangan
ğŸ™ğŸ»,berdoa
ğŸ™ğŸ¼,berdoa
ğŸ™ğŸ½,berdoa
ğŸ™ğŸ¾,berdoa
ğŸ™ğŸ¿,berdoa
âœğŸ»,badan
âœğŸ¼,badan
âœğŸ½,badan
âœğŸ¾,badan
âœğŸ¿,badan
ğŸ’…ğŸ»,cat kuku
ğŸ’…ğŸ¼,cat kuku
ğŸ’…ğŸ½,cat kuku
ğŸ’…ğŸ¾,cat kuku
ğŸ’…ğŸ¿,cat kuku
ğŸ¤³ğŸ»,foto selfie
ğŸ¤³ğŸ¼,foto selfie
ğŸ¤³ğŸ½,foto selfie
ğŸ¤³ğŸ¾,foto selfie
ğŸ¤³ğŸ¿,foto selfie
ğŸ’ªğŸ»,badan
ğŸ’ªğŸ¼,badan
ğŸ’ªğŸ½,badan
ğŸ’ªğŸ¾,badan
ğŸ’ªğŸ¿,badan
ğŸ¦µğŸ»,bagian tubuh
ğŸ¦µğŸ¼,bagian tubuh
ğŸ¦µğŸ½,bagian tubuh
ğŸ¦µğŸ¾,bagian tubuh
ğŸ¦µğŸ¿,bagian tubuh
ğŸ¦¶ğŸ»,injak
ğŸ¦¶ğŸ¼,injak
ğŸ¦¶ğŸ½,injak
ğŸ¦¶ğŸ¾,injak
ğŸ¦¶ğŸ¿,injak
ğŸ‘‚ğŸ»,badan
ğŸ‘‚ğŸ¼,badan
ğŸ‘‚ğŸ½,badan
ğŸ‘‚ğŸ¾,badan
ğŸ‘‚ğŸ¿,badan
ğŸ¦»ğŸ»,aksesibilitas
ğŸ¦»ğŸ¼,aksesibilitas
ğŸ¦»ğŸ½,aksesibilitas
ğŸ¦»ğŸ¾,aksesibilitas
ğŸ¦»ğŸ¿,aksesibilitas
ğŸ‘ƒğŸ»,badan
ğŸ‘ƒğŸ¼,badan
ğŸ‘ƒğŸ½,badan
ğŸ‘ƒğŸ¾,badan
ğŸ‘ƒğŸ¿,badan
ğŸ‘¶ğŸ»,bayi
ğŸ‘¶ğŸ¼,bayi
ğŸ‘¶ğŸ½,bayi
ğŸ‘¶ğŸ¾,bayi
ğŸ‘¶ğŸ¿,bayi
ğŸ§’ğŸ»,anak
ğŸ§’ğŸ¼,anak
ğŸ§’ğŸ½,anak
ğŸ§’ğŸ¾,anak
ğŸ§’ğŸ¿,anak
ğŸ‘¦ğŸ»,anak lakilaki
ğŸ‘¦ğŸ¼,anak lakilaki
ğŸ‘¦ğŸ½,anak lakilaki
ğŸ‘¦ğŸ¾,anak lakilaki
ğŸ‘¦ğŸ¿,anak lakilaki
ğŸ‘§ğŸ»,anak perempuan
ğŸ‘§ğŸ¼,anak perempuan
ğŸ‘§ğŸ½,anak perempuan
ğŸ‘§ğŸ¾,anak perempuan
ğŸ‘§ğŸ¿,anak perempuan
ğŸ§‘ğŸ»,dewasa
ğŸ§‘ğŸ¼,dewasa
ğŸ§‘ğŸ½,dewasa
ğŸ§‘ğŸ¾,dewasa
ğŸ§‘ğŸ¿,dewasa
ğŸ‘±ğŸ»,orang berambut pirang
ğŸ‘±ğŸ¼,orang berambut pirang
ğŸ‘±ğŸ½,orang berambut pirang
ğŸ‘±ğŸ¾,orang berambut pirang
ğŸ‘±ğŸ¿,orang berambut pirang
ğŸ§‘ğŸ»â€â¤â€ğŸ’‹â€ğŸ§‘ğŸ¼,berciuman
ğŸ§‘ğŸ»â€â¤â€ğŸ’‹â€ğŸ§‘ğŸ½,berciuman
ğŸ§‘ğŸ»â€â¤â€ğŸ’‹â€ğŸ§‘ğŸ¾,berciuman
ğŸ§‘ğŸ»â€â¤â€ğŸ’‹â€ğŸ§‘ğŸ¿,berciuman
ğŸ§‘ğŸ¼â€â¤â€ğŸ’‹â€ğŸ§‘ğŸ»,berciuman
ğŸ§‘ğŸ¼â€â¤â€ğŸ’‹â€ğŸ§‘ğŸ½,berciuman
ğŸ§‘ğŸ¼â€â¤â€ğŸ’‹â€ğŸ§‘ğŸ¾,berciuman
ğŸ§‘ğŸ¼â€â¤â€ğŸ’‹â€ğŸ§‘ğŸ¿,berciuman
ğŸ§‘ğŸ½â€â¤â€ğŸ’‹â€ğŸ§‘ğŸ»,berciuman
ğŸ§‘ğŸ½â€â¤â€ğŸ’‹â€ğŸ§‘ğŸ¼,berciuman
ğŸ§‘ğŸ½â€â¤â€ğŸ’‹â€ğŸ§‘ğŸ¾,berciuman
ğŸ§‘ğŸ½â€â¤â€ğŸ’‹â€ğŸ§‘ğŸ¿,berciuman
ğŸ§‘ğŸ¾â€â¤â€ğŸ’‹â€ğŸ§‘ğŸ»,berciuman
ğŸ§‘ğŸ¾â€â¤â€ğŸ’‹â€ğŸ§‘ğŸ¼,berciuman
ğŸ§‘ğŸ¾â€â¤â€ğŸ’‹â€ğŸ§‘ğŸ½,berciuman
ğŸ§‘ğŸ¾â€â¤â€ğŸ’‹â€ğŸ§‘ğŸ¿,berciuman
ğŸ§‘ğŸ¿â€â¤â€ğŸ’‹â€ğŸ§‘ğŸ»,berciuman
ğŸ§‘ğŸ¿â€â¤â€ğŸ’‹â€ğŸ§‘ğŸ¼,berciuman
ğŸ§‘ğŸ¿â€â¤â€ğŸ’‹â€ğŸ§‘ğŸ½,berciuman
ğŸ§‘ğŸ¿â€â¤â€ğŸ’‹â€ğŸ§‘ğŸ¾,berciuman
ğŸ§‘ğŸ»â€â¤â€ğŸ§‘ğŸ¼,cinta
ğŸ§‘ğŸ»â€â¤â€ğŸ§‘ğŸ½,cinta
ğŸ§‘ğŸ»â€â¤â€ğŸ§‘ğŸ¾,cinta
ğŸ§‘ğŸ»â€â¤â€ğŸ§‘ğŸ¿,cinta
ğŸ§‘ğŸ¼â€â¤â€ğŸ§‘ğŸ»,cinta
ğŸ§‘ğŸ¼â€â¤â€ğŸ§‘ğŸ½,cinta
ğŸ§‘ğŸ¼â€â¤â€ğŸ§‘ğŸ¾,cinta
ğŸ§‘ğŸ¼â€â¤â€ğŸ§‘ğŸ¿,cinta
ğŸ§‘ğŸ½â€â¤â€ğŸ§‘ğŸ»,cinta
ğŸ§‘ğŸ½â€â¤â€ğŸ§‘ğŸ¼,cinta
ğŸ§‘ğŸ½â€â¤â€ğŸ§‘ğŸ¾,cinta
ğŸ§‘ğŸ½â€â¤â€ğŸ§‘ğŸ¿,cinta
ğŸ§‘ğŸ¾â€â¤â€ğŸ§‘ğŸ»,cinta
ğŸ§‘ğŸ¾â€â¤â€ğŸ§‘ğŸ¼,cinta
ğŸ§‘ğŸ¾â€â¤â€ğŸ§‘ğŸ½,cinta
ğŸ§‘ğŸ¾â€â¤â€ğŸ§‘ğŸ¿,cinta
ğŸ§‘ğŸ¿â€â¤â€ğŸ§‘ğŸ»,cinta
ğŸ§‘ğŸ¿â€â¤â€ğŸ§‘ğŸ¼,cinta
ğŸ§‘ğŸ¿â€â¤â€ğŸ§‘ğŸ½,cinta
ğŸ§‘ğŸ¿â€â¤â€ğŸ§‘ğŸ¾,cinta
ğŸ§‘â€ğŸ¦°,dewasa
ğŸ§‘ğŸ»â€ğŸ¦°,dewasa
ğŸ§‘ğŸ¼â€ğŸ¦°,dewasa
ğŸ§‘ğŸ½â€ğŸ¦°,dewasa
ğŸ§‘ğŸ¾â€ğŸ¦°,dewasa
ğŸ§‘ğŸ¿â€ğŸ¦°,dewasa
ğŸ§‘â€ğŸ¦±,dewasa
ğŸ§‘ğŸ»â€ğŸ¦±,dewasa
ğŸ§‘ğŸ¼â€ğŸ¦±,dewasa
ğŸ§‘ğŸ½â€ğŸ¦±,dewasa
ğŸ§‘ğŸ¾â€ğŸ¦±,dewasa
ğŸ§‘ğŸ¿â€ğŸ¦±,dewasa
ğŸ§‘â€ğŸ¦³,dewasa
ğŸ§‘ğŸ»â€ğŸ¦³,dewasa
ğŸ§‘ğŸ¼â€ğŸ¦³,dewasa
ğŸ§‘ğŸ½â€ğŸ¦³,dewasa
ğŸ§‘ğŸ¾â€ğŸ¦³,dewasa
ğŸ§‘ğŸ¿â€ğŸ¦³,dewasa
ğŸ§‘â€ğŸ¦²,dewasa
ğŸ§‘ğŸ»â€ğŸ¦²,dewasa
ğŸ§‘ğŸ¼â€ğŸ¦²,dewasa
ğŸ§‘ğŸ½â€ğŸ¦²,dewasa
ğŸ§‘ğŸ¾â€ğŸ¦²,dewasa
ğŸ§‘ğŸ¿â€ğŸ¦²,dewasa
ğŸ‘¨ğŸ»,orang dewasa
ğŸ‘¨ğŸ¼,orang dewasa
ğŸ‘¨ğŸ½,orang dewasa
ğŸ‘¨ğŸ¾,orang dewasa
ğŸ‘¨ğŸ¿,orang dewasa
ğŸ§”ğŸ»,janggut
ğŸ§”ğŸ¼,janggut
ğŸ§”ğŸ½,janggut
ğŸ§”ğŸ¾,janggut
ğŸ§”ğŸ¿,janggut
ğŸ§”ğŸ»â€â™‚,janggut
ğŸ§”ğŸ¼â€â™‚,janggut
ğŸ§”ğŸ½â€â™‚,janggut
ğŸ§”ğŸ¾â€â™‚,janggut
ğŸ§”ğŸ¿â€â™‚,janggut
ğŸ‘±ğŸ»â€â™‚,lakilaki
ğŸ‘±ğŸ¼â€â™‚,lakilaki
ğŸ‘±ğŸ½â€â™‚,lakilaki
ğŸ‘±ğŸ¾â€â™‚,lakilaki
ğŸ‘±ğŸ¿â€â™‚,lakilaki
ğŸ‘¨ğŸ»â€â¤â€ğŸ’‹â€ğŸ‘¨ğŸ»,berciuman
ğŸ‘¨ğŸ»â€â¤â€ğŸ’‹â€ğŸ‘¨ğŸ¼,berciuman
ğŸ‘¨ğŸ»â€â¤â€ğŸ’‹â€ğŸ‘¨ğŸ½,berciuman
ğŸ‘¨ğŸ»â€â¤â€ğŸ’‹â€ğŸ‘¨ğŸ¾,berciuman
ğŸ‘¨ğŸ»â€â¤â€ğŸ’‹â€ğŸ‘¨ğŸ¿,berciuman
ğŸ‘¨ğŸ¼â€â¤â€ğŸ’‹â€ğŸ‘¨ğŸ»,berciuman
ğŸ‘¨ğŸ¼â€â¤â€ğŸ’‹â€ğŸ‘¨ğŸ¼,berciuman
ğŸ‘¨ğŸ¼â€â¤â€ğŸ’‹â€ğŸ‘¨ğŸ½,berciuman
ğŸ‘¨ğŸ¼â€â¤â€ğŸ’‹â€ğŸ‘¨ğŸ¾,berciuman
ğŸ‘¨ğŸ¼â€â¤â€ğŸ’‹â€ğŸ‘¨ğŸ¿,berciuman
ğŸ‘¨ğŸ½â€â¤â€ğŸ’‹â€ğŸ‘¨ğŸ»,berciuman
ğŸ‘¨ğŸ½â€â¤â€ğŸ’‹â€ğŸ‘¨ğŸ¼,berciuman
ğŸ‘¨ğŸ½â€â¤â€ğŸ’‹â€ğŸ‘¨ğŸ½,berciuman
ğŸ‘¨ğŸ½â€â¤â€ğŸ’‹â€ğŸ‘¨ğŸ¾,berciuman
ğŸ‘¨ğŸ½â€â¤â€ğŸ’‹â€ğŸ‘¨ğŸ¿,berciuman
ğŸ‘¨ğŸ¾â€â¤â€ğŸ’‹â€ğŸ‘¨ğŸ»,berciuman
ğŸ‘¨ğŸ¾â€â¤â€ğŸ’‹â€ğŸ‘¨ğŸ¼,berciuman
ğŸ‘¨ğŸ¾â€â¤â€ğŸ’‹â€ğŸ‘¨ğŸ½,berciuman
ğŸ‘¨ğŸ¾â€â¤â€ğŸ’‹â€ğŸ‘¨ğŸ¾,berciuman
ğŸ‘¨ğŸ¾â€â¤â€ğŸ’‹â€ğŸ‘¨ğŸ¿,berciuman
ğŸ‘¨ğŸ¿â€â¤â€ğŸ’‹â€ğŸ‘¨ğŸ»,berciuman
ğŸ‘¨ğŸ¿â€â¤â€ğŸ’‹â€ğŸ‘¨ğŸ¼,berciuman
ğŸ‘¨ğŸ¿â€â¤â€ğŸ’‹â€ğŸ‘¨ğŸ½,berciuman
ğŸ‘¨ğŸ¿â€â¤â€ğŸ’‹â€ğŸ‘¨ğŸ¾,berciuman
ğŸ‘¨ğŸ¿â€â¤â€ğŸ’‹â€ğŸ‘¨ğŸ¿,berciuman
ğŸ‘¨ğŸ»â€â¤â€ğŸ‘¨ğŸ»,cinta
ğŸ‘¨ğŸ»â€â¤â€ğŸ‘¨ğŸ¼,cinta
ğŸ‘¨ğŸ»â€â¤â€ğŸ‘¨ğŸ½,cinta
ğŸ‘¨ğŸ»â€â¤â€ğŸ‘¨ğŸ¾,cinta
ğŸ‘¨ğŸ»â€â¤â€ğŸ‘¨ğŸ¿,cinta
ğŸ‘¨ğŸ¼â€â¤â€ğŸ‘¨ğŸ»,cinta
ğŸ‘¨ğŸ¼â€â¤â€ğŸ‘¨ğŸ¼,cinta
ğŸ‘¨ğŸ¼â€â¤â€ğŸ‘¨ğŸ½,cinta
ğŸ‘¨ğŸ¼â€â¤â€ğŸ‘¨ğŸ¾,cinta
ğŸ‘¨ğŸ¼â€â¤â€ğŸ‘¨ğŸ¿,cinta
ğŸ‘¨ğŸ½â€â¤â€ğŸ‘¨ğŸ»,cinta
ğŸ‘¨ğŸ½â€â¤â€ğŸ‘¨ğŸ¼,cinta
ğŸ‘¨ğŸ½â€â¤â€ğŸ‘¨ğŸ½,cinta
ğŸ‘¨ğŸ½â€â¤â€ğŸ‘¨ğŸ¾,cinta
ğŸ‘¨ğŸ½â€â¤â€ğŸ‘¨ğŸ¿,cinta
ğŸ‘¨ğŸ¾â€â¤â€ğŸ‘¨ğŸ»,cinta
ğŸ‘¨ğŸ¾â€â¤â€ğŸ‘¨ğŸ¼,cinta
ğŸ‘¨ğŸ¾â€â¤â€ğŸ‘¨ğŸ½,cinta
ğŸ‘¨ğŸ¾â€â¤â€ğŸ‘¨ğŸ¾,cinta
ğŸ‘¨ğŸ¾â€â¤â€ğŸ‘¨ğŸ¿,cinta
ğŸ‘¨ğŸ¿â€â¤â€ğŸ‘¨ğŸ»,cinta
ğŸ‘¨ğŸ¿â€â¤â€ğŸ‘¨ğŸ¼,cinta
ğŸ‘¨ğŸ¿â€â¤â€ğŸ‘¨ğŸ½,cinta
ğŸ‘¨ğŸ¿â€â¤â€ğŸ‘¨ğŸ¾,cinta
ğŸ‘¨ğŸ¿â€â¤â€ğŸ‘¨ğŸ¿,cinta
ğŸ‘¨â€ğŸ¦°,orang dewasa
ğŸ‘¨ğŸ»â€ğŸ¦°,orang dewasa
ğŸ‘¨ğŸ¼â€ğŸ¦°,orang dewasa
ğŸ‘¨ğŸ½â€ğŸ¦°,orang dewasa
ğŸ‘¨ğŸ¾â€ğŸ¦°,orang dewasa
ğŸ‘¨ğŸ¿â€ğŸ¦°,orang dewasa
ğŸ‘¨â€ğŸ¦±,orang dewasa
ğŸ‘¨ğŸ»â€ğŸ¦±,orang dewasa
ğŸ‘¨ğŸ¼â€ğŸ¦±,orang dewasa
ğŸ‘¨ğŸ½â€ğŸ¦±,orang dewasa
ğŸ‘¨ğŸ¾â€ğŸ¦±,orang dewasa
ğŸ‘¨ğŸ¿â€ğŸ¦±,orang dewasa
ğŸ‘¨â€ğŸ¦³,orang dewasa
ğŸ‘¨ğŸ»â€ğŸ¦³,orang dewasa
ğŸ‘¨ğŸ¼â€ğŸ¦³,orang dewasa
ğŸ‘¨ğŸ½â€ğŸ¦³,orang dewasa
ğŸ‘¨ğŸ¾â€ğŸ¦³,orang dewasa
ğŸ‘¨ğŸ¿â€ğŸ¦³,orang dewasa
ğŸ‘¨â€ğŸ¦²,gundul
ğŸ‘¨ğŸ»â€ğŸ¦²,gundul
ğŸ‘¨ğŸ¼â€ğŸ¦²,gundul
ğŸ‘¨ğŸ½â€ğŸ¦²,gundul
ğŸ‘¨ğŸ¾â€ğŸ¦²,gundul
ğŸ‘¨ğŸ¿â€ğŸ¦²,gundul
ğŸ‘©ğŸ»,ibu
ğŸ‘©ğŸ¼,ibu
ğŸ‘©ğŸ½,ibu
ğŸ‘©ğŸ¾,ibu
ğŸ‘©ğŸ¿,ibu
ğŸ§”ğŸ»â€â™€,janggut
ğŸ§”ğŸ¼â€â™€,janggut
ğŸ§”ğŸ½â€â™€,janggut
ğŸ§”ğŸ¾â€â™€,janggut
ğŸ§”ğŸ¿â€â™€,janggut
ğŸ‘±ğŸ»â€â™€,perempuan
ğŸ‘±ğŸ¼â€â™€,perempuan
ğŸ‘±ğŸ½â€â™€,perempuan
ğŸ‘±ğŸ¾â€â™€,perempuan
ğŸ‘±ğŸ¿â€â™€,perempuan
ğŸ‘©ğŸ»â€â¤â€ğŸ’‹â€ğŸ‘¨ğŸ»,berciuman
ğŸ‘©ğŸ»â€â¤â€ğŸ’‹â€ğŸ‘¨ğŸ¼,berciuman
ğŸ‘©ğŸ»â€â¤â€ğŸ’‹â€ğŸ‘¨ğŸ½,berciuman
ğŸ‘©ğŸ»â€â¤â€ğŸ’‹â€ğŸ‘¨ğŸ¾,berciuman
ğŸ‘©ğŸ»â€â¤â€ğŸ’‹â€ğŸ‘¨ğŸ¿,berciuman
ğŸ‘©ğŸ¼â€â¤â€ğŸ’‹â€ğŸ‘¨ğŸ»,berciuman
ğŸ‘©ğŸ¼â€â¤â€ğŸ’‹â€ğŸ‘¨ğŸ¼,berciuman
ğŸ‘©ğŸ¼â€â¤â€ğŸ’‹â€ğŸ‘¨ğŸ½,berciuman
ğŸ‘©ğŸ¼â€â¤â€ğŸ’‹â€ğŸ‘¨ğŸ¾,berciuman
ğŸ‘©ğŸ¼â€â¤â€ğŸ’‹â€ğŸ‘¨ğŸ¿,berciuman
ğŸ‘©ğŸ½â€â¤â€ğŸ’‹â€ğŸ‘¨ğŸ»,berciuman
ğŸ‘©ğŸ½â€â¤â€ğŸ’‹â€ğŸ‘¨ğŸ¼,berciuman
ğŸ‘©ğŸ½â€â¤â€ğŸ’‹â€ğŸ‘¨ğŸ½,berciuman
ğŸ‘©ğŸ½â€â¤â€ğŸ’‹â€ğŸ‘¨ğŸ¾,berciuman
ğŸ‘©ğŸ½â€â¤â€ğŸ’‹â€ğŸ‘¨ğŸ¿,berciuman
ğŸ‘©ğŸ¾â€â¤â€ğŸ’‹â€ğŸ‘¨ğŸ»,berciuman
ğŸ‘©ğŸ¾â€â¤â€ğŸ’‹â€ğŸ‘¨ğŸ¼,berciuman
ğŸ‘©ğŸ¾â€â¤â€ğŸ’‹â€ğŸ‘¨ğŸ½,berciuman
ğŸ‘©ğŸ¾â€â¤â€ğŸ’‹â€ğŸ‘¨ğŸ¾,berciuman
ğŸ‘©ğŸ¾â€â¤â€ğŸ’‹â€ğŸ‘¨ğŸ¿,berciuman
ğŸ‘©ğŸ¿â€â¤â€ğŸ’‹â€ğŸ‘¨ğŸ»,berciuman
ğŸ‘©ğŸ¿â€â¤â€ğŸ’‹â€ğŸ‘¨ğŸ¼,berciuman
ğŸ‘©ğŸ¿â€â¤â€ğŸ’‹â€ğŸ‘¨ğŸ½,berciuman
ğŸ‘©ğŸ¿â€â¤â€ğŸ’‹â€ğŸ‘¨ğŸ¾,berciuman
ğŸ‘©ğŸ¿â€â¤â€ğŸ’‹â€ğŸ‘¨ğŸ¿,berciuman
ğŸ‘©ğŸ»â€â¤â€ğŸ’‹â€ğŸ‘©ğŸ»,berciuman
ğŸ‘©ğŸ»â€â¤â€ğŸ’‹â€ğŸ‘©ğŸ¼,berciuman
ğŸ‘©ğŸ»â€â¤â€ğŸ’‹â€ğŸ‘©ğŸ½,berciuman
ğŸ‘©ğŸ»â€â¤â€ğŸ’‹â€ğŸ‘©ğŸ¾,berciuman
ğŸ‘©ğŸ»â€â¤â€ğŸ’‹â€ğŸ‘©ğŸ¿,berciuman
ğŸ‘©ğŸ¼â€â¤â€ğŸ’‹â€ğŸ‘©ğŸ»,berciuman
ğŸ‘©ğŸ¼â€â¤â€ğŸ’‹â€ğŸ‘©ğŸ¼,berciuman
ğŸ‘©ğŸ¼â€â¤â€ğŸ’‹â€ğŸ‘©ğŸ½,berciuman
ğŸ‘©ğŸ¼â€â¤â€ğŸ’‹â€ğŸ‘©ğŸ¾,berciuman
ğŸ‘©ğŸ¼â€â¤â€ğŸ’‹â€ğŸ‘©ğŸ¿,berciuman
ğŸ‘©ğŸ½â€â¤â€ğŸ’‹â€ğŸ‘©ğŸ»,berciuman
ğŸ‘©ğŸ½â€â¤â€ğŸ’‹â€ğŸ‘©ğŸ¼,berciuman
ğŸ‘©ğŸ½â€â¤â€ğŸ’‹â€ğŸ‘©ğŸ½,berciuman
ğŸ‘©ğŸ½â€â¤â€ğŸ’‹â€ğŸ‘©ğŸ¾,berciuman
ğŸ‘©ğŸ½â€â¤â€ğŸ’‹â€ğŸ‘©ğŸ¿,berciuman
ğŸ‘©ğŸ¾â€â¤â€ğŸ’‹â€ğŸ‘©ğŸ»,berciuman
ğŸ‘©ğŸ¾â€â¤â€ğŸ’‹â€ğŸ‘©ğŸ¼,berciuman
ğŸ‘©ğŸ¾â€â¤â€ğŸ’‹â€ğŸ‘©ğŸ½,berciuman
ğŸ‘©ğŸ¾â€â¤â€ğŸ’‹â€ğŸ‘©ğŸ¾,berciuman
ğŸ‘©ğŸ¾â€â¤â€ğŸ’‹â€ğŸ‘©ğŸ¿,berciuman
ğŸ‘©ğŸ¿â€â¤â€ğŸ’‹â€ğŸ‘©ğŸ»,berciuman
ğŸ‘©ğŸ¿â€â¤â€ğŸ’‹â€ğŸ‘©ğŸ¼,berciuman
ğŸ‘©ğŸ¿â€â¤â€ğŸ’‹â€ğŸ‘©ğŸ½,berciuman
ğŸ‘©ğŸ¿â€â¤â€ğŸ’‹â€ğŸ‘©ğŸ¾,berciuman
ğŸ‘©ğŸ¿â€â¤â€ğŸ’‹â€ğŸ‘©ğŸ¿,berciuman
ğŸ‘©ğŸ»â€â¤â€ğŸ‘¨ğŸ»,cinta
ğŸ‘©ğŸ»â€â¤â€ğŸ‘¨ğŸ¼,cinta
ğŸ‘©ğŸ»â€â¤â€ğŸ‘¨ğŸ½,cinta
ğŸ‘©ğŸ»â€â¤â€ğŸ‘¨ğŸ¾,cinta
ğŸ‘©ğŸ»â€â¤â€ğŸ‘¨ğŸ¿,cinta
ğŸ‘©ğŸ¼â€â¤â€ğŸ‘¨ğŸ»,cinta
ğŸ‘©ğŸ¼â€â¤â€ğŸ‘¨ğŸ¼,cinta
ğŸ‘©ğŸ¼â€â¤â€ğŸ‘¨ğŸ½,cinta
ğŸ‘©ğŸ¼â€â¤â€ğŸ‘¨ğŸ¾,cinta
ğŸ‘©ğŸ¼â€â¤â€ğŸ‘¨ğŸ¿,cinta
ğŸ‘©ğŸ½â€â¤â€ğŸ‘¨ğŸ»,cinta
ğŸ‘©ğŸ½â€â¤â€ğŸ‘¨ğŸ¼,cinta
ğŸ‘©ğŸ½â€â¤â€ğŸ‘¨ğŸ½,cinta
ğŸ‘©ğŸ½â€â¤â€ğŸ‘¨ğŸ¾,cinta
ğŸ‘©ğŸ½â€â¤â€ğŸ‘¨ğŸ¿,cinta
ğŸ‘©ğŸ¾â€â¤â€ğŸ‘¨ğŸ»,cinta
ğŸ‘©ğŸ¾â€â¤â€ğŸ‘¨ğŸ¼,cinta
ğŸ‘©ğŸ¾â€â¤â€ğŸ‘¨ğŸ½,cinta
ğŸ‘©ğŸ¾â€â¤â€ğŸ‘¨ğŸ¾,cinta
ğŸ‘©ğŸ¾â€â¤â€ğŸ‘¨ğŸ¿,cinta
ğŸ‘©ğŸ¿â€â¤â€ğŸ‘¨ğŸ»,cinta
ğŸ‘©ğŸ¿â€â¤â€ğŸ‘¨ğŸ¼,cinta
ğŸ‘©ğŸ¿â€â¤â€ğŸ‘¨ğŸ½,cinta
ğŸ‘©ğŸ¿â€â¤â€ğŸ‘¨ğŸ¾,cinta
ğŸ‘©ğŸ¿â€â¤â€ğŸ‘¨ğŸ¿,cinta
ğŸ‘©ğŸ»â€â¤â€ğŸ‘©ğŸ»,cinta
ğŸ‘©ğŸ»â€â¤â€ğŸ‘©ğŸ¼,cinta
ğŸ‘©ğŸ»â€â¤â€ğŸ‘©ğŸ½,cinta
ğŸ‘©ğŸ»â€â¤â€ğŸ‘©ğŸ¾,cinta
ğŸ‘©ğŸ»â€â¤â€ğŸ‘©ğŸ¿,cinta
ğŸ‘©ğŸ¼â€â¤â€ğŸ‘©ğŸ»,cinta
ğŸ‘©ğŸ¼â€â¤â€ğŸ‘©ğŸ¼,cinta
ğŸ‘©ğŸ¼â€â¤â€ğŸ‘©ğŸ½,cinta
ğŸ‘©ğŸ¼â€â¤â€ğŸ‘©ğŸ¾,cinta
ğŸ‘©ğŸ¼â€â¤â€ğŸ‘©ğŸ¿,cinta
ğŸ‘©ğŸ½â€â¤â€ğŸ‘©ğŸ»,cinta
ğŸ‘©ğŸ½â€â¤â€ğŸ‘©ğŸ¼,cinta
ğŸ‘©ğŸ½â€â¤â€ğŸ‘©ğŸ½,cinta
ğŸ‘©ğŸ½â€â¤â€ğŸ‘©ğŸ¾,cinta
ğŸ‘©ğŸ½â€â¤â€ğŸ‘©ğŸ¿,cinta
ğŸ‘©ğŸ¾â€â¤â€ğŸ‘©ğŸ»,cinta
ğŸ‘©ğŸ¾â€â¤â€ğŸ‘©ğŸ¼,cinta
ğŸ‘©ğŸ¾â€â¤â€ğŸ‘©ğŸ½,cinta
ğŸ‘©ğŸ¾â€â¤â€ğŸ‘©ğŸ¾,cinta
ğŸ‘©ğŸ¾â€â¤â€ğŸ‘©ğŸ¿,cinta
ğŸ‘©ğŸ¿â€â¤â€ğŸ‘©ğŸ»,cinta
ğŸ‘©ğŸ¿â€â¤â€ğŸ‘©ğŸ¼,cinta
ğŸ‘©ğŸ¿â€â¤â€ğŸ‘©ğŸ½,cinta
ğŸ‘©ğŸ¿â€â¤â€ğŸ‘©ğŸ¾,cinta
ğŸ‘©ğŸ¿â€â¤â€ğŸ‘©ğŸ¿,cinta
ğŸ‘©â€ğŸ¦°,ibu
ğŸ‘©ğŸ»â€ğŸ¦°,ibu
ğŸ‘©ğŸ¼â€ğŸ¦°,ibu
ğŸ‘©ğŸ½â€ğŸ¦°,ibu
ğŸ‘©ğŸ¾â€ğŸ¦°,ibu
ğŸ‘©ğŸ¿â€ğŸ¦°,ibu
ğŸ‘©â€ğŸ¦±,ibu
ğŸ‘©ğŸ»â€ğŸ¦±,ibu
ğŸ‘©ğŸ¼â€ğŸ¦±,ibu
ğŸ‘©ğŸ½â€ğŸ¦±,ibu
ğŸ‘©ğŸ¾â€ğŸ¦±,ibu
ğŸ‘©ğŸ¿â€ğŸ¦±,ibu
ğŸ‘©â€ğŸ¦³,ibu
ğŸ‘©ğŸ»â€ğŸ¦³,ibu
ğŸ‘©ğŸ¼â€ğŸ¦³,ibu
ğŸ‘©ğŸ½â€ğŸ¦³,ibu
ğŸ‘©ğŸ¾â€ğŸ¦³,ibu
ğŸ‘©ğŸ¿â€ğŸ¦³,ibu
ğŸ‘©â€ğŸ¦²,gundul
ğŸ‘©ğŸ»â€ğŸ¦²,gundul
ğŸ‘©ğŸ¼â€ğŸ¦²,gundul
ğŸ‘©ğŸ½â€ğŸ¦²,gundul
ğŸ‘©ğŸ¾â€ğŸ¦²,gundul
ğŸ‘©ğŸ¿â€ğŸ¦²,gundul
ğŸ§“ğŸ»,lanjut usia
ğŸ§“ğŸ¼,lanjut usia
ğŸ§“ğŸ½,lanjut usia
ğŸ§“ğŸ¾,lanjut usia
ğŸ§“ğŸ¿,lanjut usia
ğŸ‘´ğŸ»,kakek
ğŸ‘´ğŸ¼,kakek
ğŸ‘´ğŸ½,kakek
ğŸ‘´ğŸ¾,kakek
ğŸ‘´ğŸ¿,kakek
ğŸ‘µğŸ»,nenek
ğŸ‘µğŸ¼,nenek
ğŸ‘µğŸ½,nenek
ğŸ‘µğŸ¾,nenek
ğŸ‘µğŸ¿,nenek
ğŸ™ğŸ»,gerakan
ğŸ™ğŸ¼,gerakan
ğŸ™ğŸ½,gerakan
ğŸ™ğŸ¾,gerakan
ğŸ™ğŸ¿,gerakan
ğŸ™ğŸ»â€â™‚,lakilaki
ğŸ™ğŸ¼â€â™‚,lakilaki
ğŸ™ğŸ½â€â™‚,lakilaki
ğŸ™ğŸ¾â€â™‚,lakilaki
ğŸ™ğŸ¿â€â™‚,lakilaki
ğŸ™ğŸ»â€â™€,muka
ğŸ™ğŸ¼â€â™€,muka
ğŸ™ğŸ½â€â™€,muka
ğŸ™ğŸ¾â€â™€,muka
ğŸ™ğŸ¿â€â™€,muka
ğŸ™ğŸ»,cemberut
ğŸ™ğŸ¼,cemberut
ğŸ™ğŸ½,cemberut
ğŸ™ğŸ¾,cemberut
ğŸ™ğŸ¿,cemberut
ğŸ™ğŸ»â€â™‚,bibir
ğŸ™ğŸ¼â€â™‚,bibir
ğŸ™ğŸ½â€â™‚,bibir
ğŸ™ğŸ¾â€â™‚,bibir
ğŸ™ğŸ¿â€â™‚,bibir
ğŸ™ğŸ»â€â™€,bibir
ğŸ™ğŸ¼â€â™€,bibir
ğŸ™ğŸ½â€â™€,bibir
ğŸ™ğŸ¾â€â™€,bibir
ğŸ™ğŸ¿â€â™€,bibir
ğŸ™…ğŸ»,dilarang
ğŸ™…ğŸ¼,dilarang
ğŸ™…ğŸ½,dilarang
ğŸ™…ğŸ¾,dilarang
ğŸ™…ğŸ¿,dilarang
ğŸ™…ğŸ»â€â™‚,isyarat
ğŸ™…ğŸ¼â€â™‚,isyarat
ğŸ™…ğŸ½â€â™‚,isyarat
ğŸ™…ğŸ¾â€â™‚,isyarat
ğŸ™…ğŸ¿â€â™‚,isyarat
ğŸ™…ğŸ»â€â™€,isyarat
ğŸ™…ğŸ¼â€â™€,isyarat
ğŸ™…ğŸ½â€â™€,isyarat
ğŸ™…ğŸ¾â€â™€,isyarat
ğŸ™…ğŸ¿â€â™€,isyarat
ğŸ™†ğŸ»,gerakan
ğŸ™†ğŸ¼,gerakan
ğŸ™†ğŸ½,gerakan
ğŸ™†ğŸ¾,gerakan
ğŸ™†ğŸ¿,gerakan
ğŸ™†ğŸ»â€â™‚,isyarat
ğŸ™†ğŸ¼â€â™‚,isyarat
ğŸ™†ğŸ½â€â™‚,isyarat
ğŸ™†ğŸ¾â€â™‚,isyarat
ğŸ™†ğŸ¿â€â™‚,isyarat
ğŸ™†ğŸ»â€â™€,isyarat
ğŸ™†ğŸ¼â€â™€,isyarat
ğŸ™†ğŸ½â€â™€,isyarat
ğŸ™†ğŸ¾â€â™€,isyarat
ğŸ™†ğŸ¿â€â™€,isyarat
ğŸ’ğŸ»,bantuan
ğŸ’ğŸ¼,bantuan
ğŸ’ğŸ½,bantuan
ğŸ’ğŸ¾,bantuan
ğŸ’ğŸ¿,bantuan
ğŸ’ğŸ»â€â™‚,bantuan
ğŸ’ğŸ¼â€â™‚,bantuan
ğŸ’ğŸ½â€â™‚,bantuan
ğŸ’ğŸ¾â€â™‚,bantuan
ğŸ’ğŸ¿â€â™‚,bantuan
ğŸ’ğŸ»â€â™€,bantuan
ğŸ’ğŸ¼â€â™€,bantuan
ğŸ’ğŸ½â€â™€,bantuan
ğŸ’ğŸ¾â€â™€,bantuan
ğŸ’ğŸ¿â€â™€,bantuan
ğŸ™‹ğŸ»,angkat
ğŸ™‹ğŸ¼,angkat
ğŸ™‹ğŸ½,angkat
ğŸ™‹ğŸ¾,angkat
ğŸ™‹ğŸ¿,angkat
ğŸ™‹ğŸ»â€â™‚,angkat
ğŸ™‹ğŸ¼â€â™‚,angkat
ğŸ™‹ğŸ½â€â™‚,angkat
ğŸ™‹ğŸ¾â€â™‚,angkat
ğŸ™‹ğŸ¿â€â™‚,angkat
ğŸ™‹ğŸ»â€â™€,angkat
ğŸ™‹ğŸ¼â€â™€,angkat
ğŸ™‹ğŸ½â€â™€,angkat
ğŸ™‹ğŸ¾â€â™€,angkat
ğŸ™‹ğŸ¿â€â™€,angkat
ğŸ§ğŸ»,aksesibilitas
ğŸ§ğŸ¼,aksesibilitas
ğŸ§ğŸ½,aksesibilitas
ğŸ§ğŸ¾,aksesibilitas
ğŸ§ğŸ¿,aksesibilitas
ğŸ§ğŸ»â€â™‚,lelaki
ğŸ§ğŸ¼â€â™‚,lelaki
ğŸ§ğŸ½â€â™‚,lelaki
ğŸ§ğŸ¾â€â™‚,lelaki
ğŸ§ğŸ¿â€â™‚,lelaki
ğŸ§ğŸ»â€â™€,perempuan
ğŸ§ğŸ¼â€â™€,perempuan
ğŸ§ğŸ½â€â™€,perempuan
ğŸ§ğŸ¾â€â™€,perempuan
ğŸ§ğŸ¿â€â™€,perempuan
ğŸ™‡ğŸ»,bungkuk
ğŸ™‡ğŸ¼,bungkuk
ğŸ™‡ğŸ½,bungkuk
ğŸ™‡ğŸ¾,bungkuk
ğŸ™‡ğŸ¿,bungkuk
ğŸ™‡ğŸ»â€â™‚,isyarat
ğŸ™‡ğŸ¼â€â™‚,isyarat
ğŸ™‡ğŸ½â€â™‚,isyarat
ğŸ™‡ğŸ¾â€â™‚,isyarat
ğŸ™‡ğŸ¿â€â™‚,isyarat
ğŸ™‡ğŸ»â€â™€,isyarat
ğŸ™‡ğŸ¼â€â™€,isyarat
ğŸ™‡ğŸ½â€â™€,isyarat
ğŸ™‡ğŸ¾â€â™€,isyarat
ğŸ™‡ğŸ¿â€â™€,isyarat
ğŸ¤¦ğŸ»,cape deh
ğŸ¤¦ğŸ¼,cape deh
ğŸ¤¦ğŸ½,cape deh
ğŸ¤¦ğŸ¾,cape deh
ğŸ¤¦ğŸ¿,cape deh
ğŸ¤¦ğŸ»â€â™‚,isyarat
ğŸ¤¦ğŸ¼â€â™‚,isyarat
ğŸ¤¦ğŸ½â€â™‚,isyarat
ğŸ¤¦ğŸ¾â€â™‚,isyarat
ğŸ¤¦ğŸ¿â€â™‚,isyarat
ğŸ¤¦ğŸ»â€â™€,isyarat
ğŸ¤¦ğŸ¼â€â™€,isyarat
ğŸ¤¦ğŸ½â€â™€,isyarat
ğŸ¤¦ğŸ¾â€â™€,isyarat
ğŸ¤¦ğŸ¿â€â™€,isyarat
ğŸ¤·ğŸ»,bingung
ğŸ¤·ğŸ¼,bingung
ğŸ¤·ğŸ½,bingung
ğŸ¤·ğŸ¾,bingung
ğŸ¤·ğŸ¿,bingung
ğŸ¤·ğŸ»â€â™‚,angkat
ğŸ¤·ğŸ¼â€â™‚,angkat
ğŸ¤·ğŸ½â€â™‚,angkat
ğŸ¤·ğŸ¾â€â™‚,angkat
ğŸ¤·ğŸ¿â€â™‚,angkat
ğŸ¤·ğŸ»â€â™€,angkat
ğŸ¤·ğŸ¼â€â™€,angkat
ğŸ¤·ğŸ½â€â™€,angkat
ğŸ¤·ğŸ¾â€â™€,angkat
ğŸ¤·ğŸ¿â€â™€,angkat
ğŸ§‘ğŸ»â€âš•,dokter
ğŸ§‘ğŸ¼â€âš•,dokter
ğŸ§‘ğŸ½â€âš•,dokter
ğŸ§‘ğŸ¾â€âš•,dokter
ğŸ§‘ğŸ¿â€âš•,dokter
ğŸ‘¨ğŸ»â€âš•,dokter
ğŸ‘¨ğŸ¼â€âš•,dokter
ğŸ‘¨ğŸ½â€âš•,dokter
ğŸ‘¨ğŸ¾â€âš•,dokter
ğŸ‘¨ğŸ¿â€âš•,dokter
ğŸ‘©ğŸ»â€âš•,dokter
ğŸ‘©ğŸ¼â€âš•,dokter
ğŸ‘©ğŸ½â€âš•,dokter
ğŸ‘©ğŸ¾â€âš•,dokter
ğŸ‘©ğŸ¿â€âš•,dokter
ğŸ§‘ğŸ»â€ğŸ“,kelulusan
ğŸ§‘ğŸ¼â€ğŸ“,kelulusan
ğŸ§‘ğŸ½â€ğŸ“,kelulusan
ğŸ§‘ğŸ¾â€ğŸ“,kelulusan
ğŸ§‘ğŸ¿â€ğŸ“,kelulusan
ğŸ‘¨ğŸ»â€ğŸ“,lakilaki
ğŸ‘¨ğŸ¼â€ğŸ“,lakilaki
ğŸ‘¨ğŸ½â€ğŸ“,lakilaki
ğŸ‘¨ğŸ¾â€ğŸ“,lakilaki
ğŸ‘¨ğŸ¿â€ğŸ“,lakilaki
ğŸ‘©ğŸ»â€ğŸ“,perempuan
ğŸ‘©ğŸ¼â€ğŸ“,perempuan
ğŸ‘©ğŸ½â€ğŸ“,perempuan
ğŸ‘©ğŸ¾â€ğŸ“,perempuan
ğŸ‘©ğŸ¿â€ğŸ“,perempuan
ğŸ§‘ğŸ»â€ğŸ«,dosen
ğŸ§‘ğŸ¼â€ğŸ«,dosen
ğŸ§‘ğŸ½â€ğŸ«,dosen
ğŸ§‘ğŸ¾â€ğŸ«,dosen
ğŸ§‘ğŸ¿â€ğŸ«,dosen
ğŸ‘¨ğŸ»â€ğŸ«,lakilaki
ğŸ‘¨ğŸ¼â€ğŸ«,lakilaki
ğŸ‘¨ğŸ½â€ğŸ«,lakilaki
ğŸ‘¨ğŸ¾â€ğŸ«,lakilaki
ğŸ‘¨ğŸ¿â€ğŸ«,lakilaki
ğŸ‘©ğŸ»â€ğŸ«,pengajar
ğŸ‘©ğŸ¼â€ğŸ«,pengajar
ğŸ‘©ğŸ½â€ğŸ«,pengajar
ğŸ‘©ğŸ¾â€ğŸ«,pengajar
ğŸ‘©ğŸ¿â€ğŸ«,pengajar
ğŸ§‘ğŸ»â€âš–,hakim
ğŸ§‘ğŸ¼â€âš–,hakim
ğŸ§‘ğŸ½â€âš–,hakim
ğŸ§‘ğŸ¾â€âš–,hakim
ğŸ§‘ğŸ¿â€âš–,hakim
ğŸ‘¨ğŸ»â€âš–,hakim pria
ğŸ‘¨ğŸ¼â€âš–,hakim pria
ğŸ‘¨ğŸ½â€âš–,hakim pria
ğŸ‘¨ğŸ¾â€âš–,hakim pria
ğŸ‘¨ğŸ¿â€âš–,hakim pria
ğŸ‘©ğŸ»â€âš–,hakim wanita
ğŸ‘©ğŸ¼â€âš–,hakim wanita
ğŸ‘©ğŸ½â€âš–,hakim wanita
ğŸ‘©ğŸ¾â€âš–,hakim wanita
ğŸ‘©ğŸ¿â€âš–,hakim wanita
ğŸ§‘ğŸ»â€ğŸŒ¾,pekebun
ğŸ§‘ğŸ¼â€ğŸŒ¾,pekebun
ğŸ§‘ğŸ½â€ğŸŒ¾,pekebun
ğŸ§‘ğŸ¾â€ğŸŒ¾,pekebun
ğŸ§‘ğŸ¿â€ğŸŒ¾,pekebun
ğŸ‘¨ğŸ»â€ğŸŒ¾,lakilaki
ğŸ‘¨ğŸ¼â€ğŸŒ¾,lakilaki
ğŸ‘¨ğŸ½â€ğŸŒ¾,lakilaki
ğŸ‘¨ğŸ¾â€ğŸŒ¾,lakilaki
ğŸ‘¨ğŸ¿â€ğŸŒ¾,lakilaki
ğŸ‘©ğŸ»â€ğŸŒ¾,padi
ğŸ‘©ğŸ¼â€ğŸŒ¾,padi
ğŸ‘©ğŸ½â€ğŸŒ¾,padi
ğŸ‘©ğŸ¾â€ğŸŒ¾,padi
ğŸ‘©ğŸ¿â€ğŸŒ¾,padi
ğŸ§‘ğŸ»â€ğŸ³,chef
ğŸ§‘ğŸ¼â€ğŸ³,chef
ğŸ§‘ğŸ½â€ğŸ³,chef
ğŸ§‘ğŸ¾â€ğŸ³,chef
ğŸ§‘ğŸ¿â€ğŸ³,chef
ğŸ‘¨ğŸ»â€ğŸ³,dapur
ğŸ‘¨ğŸ¼â€ğŸ³,dapur
ğŸ‘¨ğŸ½â€ğŸ³,dapur
ğŸ‘¨ğŸ¾â€ğŸ³,dapur
ğŸ‘¨ğŸ¿â€ğŸ³,dapur
ğŸ‘©ğŸ»â€ğŸ³,dapur
ğŸ‘©ğŸ¼â€ğŸ³,dapur
ğŸ‘©ğŸ½â€ğŸ³,dapur
ğŸ‘©ğŸ¾â€ğŸ³,dapur
ğŸ‘©ğŸ¿â€ğŸ³,dapur
ğŸ§‘ğŸ»â€ğŸ”§,mekanik
ğŸ§‘ğŸ¼â€ğŸ”§,mekanik
ğŸ§‘ğŸ½â€ğŸ”§,mekanik
ğŸ§‘ğŸ¾â€ğŸ”§,mekanik
ğŸ§‘ğŸ¿â€ğŸ”§,mekanik
ğŸ‘¨ğŸ»â€ğŸ”§,lakilaki
ğŸ‘¨ğŸ¼â€ğŸ”§,lakilaki
ğŸ‘¨ğŸ½â€ğŸ”§,lakilaki
ğŸ‘¨ğŸ¾â€ğŸ”§,lakilaki
ğŸ‘¨ğŸ¿â€ğŸ”§,lakilaki
ğŸ‘©ğŸ»â€ğŸ”§,montir wanita
ğŸ‘©ğŸ¼â€ğŸ”§,montir wanita
ğŸ‘©ğŸ½â€ğŸ”§,montir wanita
ğŸ‘©ğŸ¾â€ğŸ”§,montir wanita
ğŸ‘©ğŸ¿â€ğŸ”§,montir wanita
ğŸ§‘ğŸ»â€ğŸ­,industri
ğŸ§‘ğŸ¼â€ğŸ­,industri
ğŸ§‘ğŸ½â€ğŸ­,industri
ğŸ§‘ğŸ¾â€ğŸ­,industri
ğŸ§‘ğŸ¿â€ğŸ­,industri
ğŸ‘¨ğŸ»â€ğŸ­,lakilaki
ğŸ‘¨ğŸ¼â€ğŸ­,lakilaki
ğŸ‘¨ğŸ½â€ğŸ­,lakilaki
ğŸ‘¨ğŸ¾â€ğŸ­,lakilaki
ğŸ‘¨ğŸ¿â€ğŸ­,lakilaki
ğŸ‘©ğŸ»â€ğŸ­,pabrik
ğŸ‘©ğŸ¼â€ğŸ­,pabrik
ğŸ‘©ğŸ½â€ğŸ­,pabrik
ğŸ‘©ğŸ¾â€ğŸ­,pabrik
ğŸ‘©ğŸ¿â€ğŸ­,pabrik
ğŸ§‘ğŸ»â€ğŸ’¼,arsitek
ğŸ§‘ğŸ¼â€ğŸ’¼,arsitek
ğŸ§‘ğŸ½â€ğŸ’¼,arsitek
ğŸ§‘ğŸ¾â€ğŸ’¼,arsitek
ğŸ§‘ğŸ¿â€ğŸ’¼,arsitek
ğŸ‘¨ğŸ»â€ğŸ’¼,kantor
ğŸ‘¨ğŸ¼â€ğŸ’¼,kantor
ğŸ‘¨ğŸ½â€ğŸ’¼,kantor
ğŸ‘¨ğŸ¾â€ğŸ’¼,kantor
ğŸ‘¨ğŸ¿â€ğŸ’¼,kantor
ğŸ‘©ğŸ»â€ğŸ’¼,kantor
ğŸ‘©ğŸ¼â€ğŸ’¼,kantor
ğŸ‘©ğŸ½â€ğŸ’¼,kantor
ğŸ‘©ğŸ¾â€ğŸ’¼,kantor
ğŸ‘©ğŸ¿â€ğŸ’¼,kantor
ğŸ§‘ğŸ»â€ğŸ”¬,ahli biologi
ğŸ§‘ğŸ¼â€ğŸ”¬,ahli biologi
ğŸ§‘ğŸ½â€ğŸ”¬,ahli biologi
ğŸ§‘ğŸ¾â€ğŸ”¬,ahli biologi
ğŸ§‘ğŸ¿â€ğŸ”¬,ahli biologi
ğŸ‘¨ğŸ»â€ğŸ”¬,ilmuwan pria
ğŸ‘¨ğŸ¼â€ğŸ”¬,ilmuwan pria
ğŸ‘¨ğŸ½â€ğŸ”¬,ilmuwan pria
ğŸ‘¨ğŸ¾â€ğŸ”¬,ilmuwan pria
ğŸ‘¨ğŸ¿â€ğŸ”¬,ilmuwan pria
ğŸ‘©ğŸ»â€ğŸ”¬,ilmuwan wanita
ğŸ‘©ğŸ¼â€ğŸ”¬,ilmuwan wanita
ğŸ‘©ğŸ½â€ğŸ”¬,ilmuwan wanita
ğŸ‘©ğŸ¾â€ğŸ”¬,ilmuwan wanita
ğŸ‘©ğŸ¿â€ğŸ”¬,ilmuwan wanita
ğŸ§‘ğŸ»â€ğŸ’»,ahli teknologi
ğŸ§‘ğŸ¼â€ğŸ’»,ahli teknologi
ğŸ§‘ğŸ½â€ğŸ’»,ahli teknologi
ğŸ§‘ğŸ¾â€ğŸ’»,ahli teknologi
ğŸ§‘ğŸ¿â€ğŸ’»,ahli teknologi
ğŸ‘¨ğŸ»â€ğŸ’»,ahli teknologi pria
ğŸ‘¨ğŸ¼â€ğŸ’»,ahli teknologi pria
ğŸ‘¨ğŸ½â€ğŸ’»,ahli teknologi pria
ğŸ‘¨ğŸ¾â€ğŸ’»,ahli teknologi pria
ğŸ‘¨ğŸ¿â€ğŸ’»,ahli teknologi pria
ğŸ‘©ğŸ»â€ğŸ’»,ahli teknologi wanita
ğŸ‘©ğŸ¼â€ğŸ’»,ahli teknologi wanita
ğŸ‘©ğŸ½â€ğŸ’»,ahli teknologi wanita
ğŸ‘©ğŸ¾â€ğŸ’»,ahli teknologi wanita
ğŸ‘©ğŸ¿â€ğŸ’»,ahli teknologi wanita
ğŸ§‘ğŸ»â€ğŸ¤,aktor
ğŸ§‘ğŸ¼â€ğŸ¤,aktor
ğŸ§‘ğŸ½â€ğŸ¤,aktor
ğŸ§‘ğŸ¾â€ğŸ¤,aktor
ğŸ§‘ğŸ¿â€ğŸ¤,aktor
ğŸ‘¨ğŸ»â€ğŸ¤,aktor
ğŸ‘¨ğŸ¼â€ğŸ¤,aktor
ğŸ‘¨ğŸ½â€ğŸ¤,aktor
ğŸ‘¨ğŸ¾â€ğŸ¤,aktor
ğŸ‘¨ğŸ¿â€ğŸ¤,aktor
ğŸ‘©ğŸ»â€ğŸ¤,aktor
ğŸ‘©ğŸ¼â€ğŸ¤,aktor
ğŸ‘©ğŸ½â€ğŸ¤,aktor
ğŸ‘©ğŸ¾â€ğŸ¤,aktor
ğŸ‘©ğŸ¿â€ğŸ¤,aktor
ğŸ§‘ğŸ»â€ğŸ¨,palet
ğŸ§‘ğŸ¼â€ğŸ¨,palet
ğŸ§‘ğŸ½â€ğŸ¨,palet
ğŸ§‘ğŸ¾â€ğŸ¨,palet
ğŸ§‘ğŸ¿â€ğŸ¨,palet
ğŸ‘¨ğŸ»â€ğŸ¨,lakilaki
ğŸ‘¨ğŸ¼â€ğŸ¨,lakilaki
ğŸ‘¨ğŸ½â€ğŸ¨,lakilaki
ğŸ‘¨ğŸ¾â€ğŸ¨,lakilaki
ğŸ‘¨ğŸ¿â€ğŸ¨,lakilaki
ğŸ‘©ğŸ»â€ğŸ¨,lukisan
ğŸ‘©ğŸ¼â€ğŸ¨,lukisan
ğŸ‘©ğŸ½â€ğŸ¨,lukisan
ğŸ‘©ğŸ¾â€ğŸ¨,lukisan
ğŸ‘©ğŸ¿â€ğŸ¨,lukisan
ğŸ§‘ğŸ»â€âœˆ,pesawat
ğŸ§‘ğŸ¼â€âœˆ,pesawat
ğŸ§‘ğŸ½â€âœˆ,pesawat
ğŸ§‘ğŸ¾â€âœˆ,pesawat
ğŸ§‘ğŸ¿â€âœˆ,pesawat
ğŸ‘¨ğŸ»â€âœˆ,lakilaki
ğŸ‘¨ğŸ¼â€âœˆ,lakilaki
ğŸ‘¨ğŸ½â€âœˆ,lakilaki
ğŸ‘¨ğŸ¾â€âœˆ,lakilaki
ğŸ‘¨ğŸ¿â€âœˆ,lakilaki
ğŸ‘©ğŸ»â€âœˆ,perempuan
ğŸ‘©ğŸ¼â€âœˆ,perempuan
ğŸ‘©ğŸ½â€âœˆ,perempuan
ğŸ‘©ğŸ¾â€âœˆ,perempuan
ğŸ‘©ğŸ¿â€âœˆ,perempuan
ğŸ§‘ğŸ»â€ğŸš€,astronaut
ğŸ§‘ğŸ¼â€ğŸš€,astronaut
ğŸ§‘ğŸ½â€ğŸš€,astronaut
ğŸ§‘ğŸ¾â€ğŸš€,astronaut
ğŸ§‘ğŸ¿â€ğŸš€,astronaut
ğŸ‘¨ğŸ»â€ğŸš€,angkasa luar
ğŸ‘¨ğŸ¼â€ğŸš€,angkasa luar
ğŸ‘¨ğŸ½â€ğŸš€,angkasa luar
ğŸ‘¨ğŸ¾â€ğŸš€,angkasa luar
ğŸ‘¨ğŸ¿â€ğŸš€,angkasa luar
ğŸ‘©ğŸ»â€ğŸš€,angkasa luar
ğŸ‘©ğŸ¼â€ğŸš€,angkasa luar
ğŸ‘©ğŸ½â€ğŸš€,angkasa luar
ğŸ‘©ğŸ¾â€ğŸš€,angkasa luar
ğŸ‘©ğŸ¿â€ğŸš€,angkasa luar
ğŸ§‘ğŸ»â€ğŸš’,pemadam kebakaran
ğŸ§‘ğŸ¼â€ğŸš’,pemadam kebakaran
ğŸ§‘ğŸ½â€ğŸš’,pemadam kebakaran
ğŸ§‘ğŸ¾â€ğŸš’,pemadam kebakaran
ğŸ§‘ğŸ¿â€ğŸš’,pemadam kebakaran
ğŸ‘¨ğŸ»â€ğŸš’,api
ğŸ‘¨ğŸ¼â€ğŸš’,api
ğŸ‘¨ğŸ½â€ğŸš’,api
ğŸ‘¨ğŸ¾â€ğŸš’,api
ğŸ‘¨ğŸ¿â€ğŸš’,api
ğŸ‘©ğŸ»â€ğŸš’,api
ğŸ‘©ğŸ¼â€ğŸš’,api
ğŸ‘©ğŸ½â€ğŸš’,api
ğŸ‘©ğŸ¾â€ğŸš’,api
ğŸ‘©ğŸ¿â€ğŸš’,api
ğŸ‘®ğŸ»,penegak hukum
ğŸ‘®ğŸ¼,penegak hukum
ğŸ‘®ğŸ½,penegak hukum
ğŸ‘®ğŸ¾,penegak hukum
ğŸ‘®ğŸ¿,penegak hukum
ğŸ‘®ğŸ»â€â™‚,lakilaki
ğŸ‘®ğŸ¼â€â™‚,lakilaki
ğŸ‘®ğŸ½â€â™‚,lakilaki
ğŸ‘®ğŸ¾â€â™‚,lakilaki
ğŸ‘®ğŸ¿â€â™‚,lakilaki
ğŸ‘®ğŸ»â€â™€,penegak hukum
ğŸ‘®ğŸ¼â€â™€,penegak hukum
ğŸ‘®ğŸ½â€â™€,penegak hukum
ğŸ‘®ğŸ¾â€â™€,penegak hukum
ğŸ‘®ğŸ¿â€â™€,penegak hukum
ğŸ•µğŸ»,detektif
ğŸ•µğŸ¼,detektif
ğŸ•µğŸ½,detektif
ğŸ•µğŸ¾,detektif
ğŸ•µğŸ¿,detektif
ğŸ•µğŸ»â€â™‚,detektif pria
ğŸ•µğŸ¼â€â™‚,detektif pria
ğŸ•µğŸ½â€â™‚,detektif pria
ğŸ•µğŸ¾â€â™‚,detektif pria
ğŸ•µğŸ¿â€â™‚,detektif pria
ğŸ•µğŸ»â€â™€,detektif wanita
ğŸ•µğŸ¼â€â™€,detektif wanita
ğŸ•µğŸ½â€â™€,detektif wanita
ğŸ•µğŸ¾â€â™€,detektif wanita
ğŸ•µğŸ¿â€â™€,detektif wanita
ğŸ’‚ğŸ»,pengawal
ğŸ’‚ğŸ¼,pengawal
ğŸ’‚ğŸ½,pengawal
ğŸ’‚ğŸ¾,pengawal
ğŸ’‚ğŸ¿,pengawal
ğŸ’‚ğŸ»â€â™‚,keamanan
ğŸ’‚ğŸ¼â€â™‚,keamanan
ğŸ’‚ğŸ½â€â™‚,keamanan
ğŸ’‚ğŸ¾â€â™‚,keamanan
ğŸ’‚ğŸ¿â€â™‚,keamanan
ğŸ’‚ğŸ»â€â™€,keamanan
ğŸ’‚ğŸ¼â€â™€,keamanan
ğŸ’‚ğŸ½â€â™€,keamanan
ğŸ’‚ğŸ¾â€â™€,keamanan
ğŸ’‚ğŸ¿â€â™€,keamanan
ğŸ¥·ğŸ»,ninja
ğŸ¥·ğŸ¼,ninja
ğŸ¥·ğŸ½,ninja
ğŸ¥·ğŸ¾,ninja
ğŸ¥·ğŸ¿,ninja
ğŸ‘·ğŸ»,konstruksi
ğŸ‘·ğŸ¼,konstruksi
ğŸ‘·ğŸ½,konstruksi
ğŸ‘·ğŸ¾,konstruksi
ğŸ‘·ğŸ¿,konstruksi
ğŸ‘·ğŸ»â€â™‚,konstruksi
ğŸ‘·ğŸ¼â€â™‚,konstruksi
ğŸ‘·ğŸ½â€â™‚,konstruksi
ğŸ‘·ğŸ¾â€â™‚,konstruksi
ğŸ‘·ğŸ¿â€â™‚,konstruksi
ğŸ‘·ğŸ»â€â™€,konstruksi
ğŸ‘·ğŸ¼â€â™€,konstruksi
ğŸ‘·ğŸ½â€â™€,konstruksi
ğŸ‘·ğŸ¾â€â™€,konstruksi
ğŸ‘·ğŸ¿â€â™€,konstruksi
ğŸ«…ğŸ»,agung
ğŸ«…ğŸ¼,agung
ğŸ«…ğŸ½,agung
ğŸ«…ğŸ¾,agung
ğŸ«…ğŸ¿,agung
ğŸ¤´ğŸ»,pangeran
ğŸ¤´ğŸ¼,pangeran
ğŸ¤´ğŸ½,pangeran
ğŸ¤´ğŸ¾,pangeran
ğŸ¤´ğŸ¿,pangeran
ğŸ‘¸ğŸ»,dongeng
ğŸ‘¸ğŸ¼,dongeng
ğŸ‘¸ğŸ½,dongeng
ğŸ‘¸ğŸ¾,dongeng
ğŸ‘¸ğŸ¿,dongeng
ğŸ‘³ğŸ»,lakilaki
ğŸ‘³ğŸ¼,lakilaki
ğŸ‘³ğŸ½,lakilaki
ğŸ‘³ğŸ¾,lakilaki
ğŸ‘³ğŸ¿,lakilaki
ğŸ‘³ğŸ»â€â™‚,lakilaki
ğŸ‘³ğŸ¼â€â™‚,lakilaki
ğŸ‘³ğŸ½â€â™‚,lakilaki
ğŸ‘³ğŸ¾â€â™‚,lakilaki
ğŸ‘³ğŸ¿â€â™‚,lakilaki
ğŸ‘³ğŸ»â€â™€,perempuan
ğŸ‘³ğŸ¼â€â™€,perempuan
ğŸ‘³ğŸ½â€â™€,perempuan
ğŸ‘³ğŸ¾â€â™€,perempuan
ğŸ‘³ğŸ¿â€â™€,perempuan
ğŸ‘²ğŸ»,gua pi mao
ğŸ‘²ğŸ¼,gua pi mao
ğŸ‘²ğŸ½,gua pi mao
ğŸ‘²ğŸ¾,gua pi mao
ğŸ‘²ğŸ¿,gua pi mao
ğŸ§•ğŸ»,hijab
ğŸ§•ğŸ¼,hijab
ğŸ§•ğŸ½,hijab
ğŸ§•ğŸ¾,hijab
ğŸ§•ğŸ¿,hijab
ğŸ¤µğŸ»,mempelai pria
ğŸ¤µğŸ¼,mempelai pria
ğŸ¤µğŸ½,mempelai pria
ğŸ¤µğŸ¾,mempelai pria
ğŸ¤µğŸ¿,mempelai pria
ğŸ¤µğŸ»â€â™‚,pria
ğŸ¤µğŸ¼â€â™‚,pria
ğŸ¤µğŸ½â€â™‚,pria
ğŸ¤µğŸ¾â€â™‚,pria
ğŸ¤µğŸ¿â€â™‚,pria
ğŸ¤µğŸ»â€â™€,tuksedo
ğŸ¤µğŸ¼â€â™€,tuksedo
ğŸ¤µğŸ½â€â™€,tuksedo
ğŸ¤µğŸ¾â€â™€,tuksedo
ğŸ¤µğŸ¿â€â™€,tuksedo
ğŸ‘°ğŸ»,cadar
ğŸ‘°ğŸ¼,cadar
ğŸ‘°ğŸ½,cadar
ğŸ‘°ğŸ¾,cadar
ğŸ‘°ğŸ¿,cadar
ğŸ‘°ğŸ»â€â™‚,penutup kepala
ğŸ‘°ğŸ¼â€â™‚,penutup kepala
ğŸ‘°ğŸ½â€â™‚,penutup kepala
ğŸ‘°ğŸ¾â€â™‚,penutup kepala
ğŸ‘°ğŸ¿â€â™‚,penutup kepala
ğŸ‘°ğŸ»â€â™€,penutup kepala
ğŸ‘°ğŸ¼â€â™€,penutup kepala
ğŸ‘°ğŸ½â€â™€,penutup kepala
ğŸ‘°ğŸ¾â€â™€,penutup kepala
ğŸ‘°ğŸ¿â€â™€,penutup kepala
ğŸ¤°ğŸ»,hamil
ğŸ¤°ğŸ¼,hamil
ğŸ¤°ğŸ½,hamil
ğŸ¤°ğŸ¾,hamil
ğŸ¤°ğŸ¿,hamil
ğŸ«ƒğŸ»,buncit
ğŸ«ƒğŸ¼,buncit
ğŸ«ƒğŸ½,buncit
ğŸ«ƒğŸ¾,buncit
ğŸ«ƒğŸ¿,buncit
ğŸ«„ğŸ»,buncit
ğŸ«„ğŸ¼,buncit
ğŸ«„ğŸ½,buncit
ğŸ«„ğŸ¾,buncit
ğŸ«„ğŸ¿,buncit
ğŸ¤±ğŸ»,bayi
ğŸ¤±ğŸ¼,bayi
ğŸ¤±ğŸ½,bayi
ğŸ¤±ğŸ¾,bayi
ğŸ¤±ğŸ¿,bayi
ğŸ‘©ğŸ»â€ğŸ¼,bayi
ğŸ‘©ğŸ¼â€ğŸ¼,bayi
ğŸ‘©ğŸ½â€ğŸ¼,bayi
ğŸ‘©ğŸ¾â€ğŸ¼,bayi
ğŸ‘©ğŸ¿â€ğŸ¼,bayi
ğŸ‘¨ğŸ»â€ğŸ¼,bayi
ğŸ‘¨ğŸ¼â€ğŸ¼,bayi
ğŸ‘¨ğŸ½â€ğŸ¼,bayi
ğŸ‘¨ğŸ¾â€ğŸ¼,bayi
ğŸ‘¨ğŸ¿â€ğŸ¼,bayi
ğŸ§‘ğŸ»â€ğŸ¼,bayi
ğŸ§‘ğŸ¼â€ğŸ¼,bayi
ğŸ§‘ğŸ½â€ğŸ¼,bayi
ğŸ§‘ğŸ¾â€ğŸ¼,bayi
ğŸ§‘ğŸ¿â€ğŸ¼,bayi
ğŸ‘¼ğŸ»,bayi
ğŸ‘¼ğŸ¼,bayi
ğŸ‘¼ğŸ½,bayi
ğŸ‘¼ğŸ¾,bayi
ğŸ‘¼ğŸ¿,bayi
ğŸ…ğŸ»,dongeng
ğŸ…ğŸ¼,dongeng
ğŸ…ğŸ½,dongeng
ğŸ…ğŸ¾,dongeng
ğŸ…ğŸ¿,dongeng
ğŸ¤¶ğŸ»,ibu
ğŸ¤¶ğŸ¼,ibu
ğŸ¤¶ğŸ½,ibu
ğŸ¤¶ğŸ¾,ibu
ğŸ¤¶ğŸ¿,ibu
ğŸ§‘ğŸ»â€ğŸ„,manusia sinterklas
ğŸ§‘ğŸ¼â€ğŸ„,manusia sinterklas
ğŸ§‘ğŸ½â€ğŸ„,manusia sinterklas
ğŸ§‘ğŸ¾â€ğŸ„,manusia sinterklas
ğŸ§‘ğŸ¿â€ğŸ„,manusia sinterklas
ğŸ¦¸ğŸ»,baik
ğŸ¦¸ğŸ¼,baik
ğŸ¦¸ğŸ½,baik
ğŸ¦¸ğŸ¾,baik
ğŸ¦¸ğŸ¿,baik
ğŸ¦¸ğŸ»â€â™‚,baik
ğŸ¦¸ğŸ¼â€â™‚,baik
ğŸ¦¸ğŸ½â€â™‚,baik
ğŸ¦¸ğŸ¾â€â™‚,baik
ğŸ¦¸ğŸ¿â€â™‚,baik
ğŸ¦¸ğŸ»â€â™€,baik
ğŸ¦¸ğŸ¼â€â™€,baik
ğŸ¦¸ğŸ½â€â™€,baik
ğŸ¦¸ğŸ¾â€â™€,baik
ğŸ¦¸ğŸ¿â€â™€,baik
ğŸ¦¹ğŸ»,jahat
ğŸ¦¹ğŸ¼,jahat
ğŸ¦¹ğŸ½,jahat
ğŸ¦¹ğŸ¾,jahat
ğŸ¦¹ğŸ¿,jahat
ğŸ¦¹ğŸ»â€â™‚,jahat
ğŸ¦¹ğŸ¼â€â™‚,jahat
ğŸ¦¹ğŸ½â€â™‚,jahat
ğŸ¦¹ğŸ¾â€â™‚,jahat
ğŸ¦¹ğŸ¿â€â™‚,jahat
ğŸ¦¹ğŸ»â€â™€,jahat
ğŸ¦¹ğŸ¼â€â™€,jahat
ğŸ¦¹ğŸ½â€â™€,jahat
ğŸ¦¹ğŸ¾â€â™€,jahat
ğŸ¦¹ğŸ¿â€â™€,jahat
ğŸ§™ğŸ»,magi
ğŸ§™ğŸ¼,magi
ğŸ§™ğŸ½,magi
ğŸ§™ğŸ¾,magi
ğŸ§™ğŸ¿,magi
ğŸ§™ğŸ»â€â™‚,magi pria
ğŸ§™ğŸ¼â€â™‚,magi pria
ğŸ§™ğŸ½â€â™‚,magi pria
ğŸ§™ğŸ¾â€â™‚,magi pria
ğŸ§™ğŸ¿â€â™‚,magi pria
ğŸ§™ğŸ»â€â™€,magi wanita
ğŸ§™ğŸ¼â€â™€,magi wanita
ğŸ§™ğŸ½â€â™€,magi wanita
ğŸ§™ğŸ¾â€â™€,magi wanita
ğŸ§™ğŸ¿â€â™€,magi wanita
ğŸ§šğŸ»,oberon
ğŸ§šğŸ¼,oberon
ğŸ§šğŸ½,oberon
ğŸ§šğŸ¾,oberon
ğŸ§šğŸ¿,oberon
ğŸ§šğŸ»â€â™‚,oberon
ğŸ§šğŸ¼â€â™‚,oberon
ğŸ§šğŸ½â€â™‚,oberon
ğŸ§šğŸ¾â€â™‚,oberon
ğŸ§šğŸ¿â€â™‚,oberon
ğŸ§šğŸ»â€â™€,peri wanita
ğŸ§šğŸ¼â€â™€,peri wanita
ğŸ§šğŸ½â€â™€,peri wanita
ğŸ§šğŸ¾â€â™€,peri wanita
ğŸ§šğŸ¿â€â™€,peri wanita
ğŸ§›ğŸ»,drakula
ğŸ§›ğŸ¼,drakula
ğŸ§›ğŸ½,drakula
ğŸ§›ğŸ¾,drakula
ğŸ§›ğŸ¿,drakula
ğŸ§›ğŸ»â€â™‚,drakula
ğŸ§›ğŸ¼â€â™‚,drakula
ğŸ§›ğŸ½â€â™‚,drakula
ğŸ§›ğŸ¾â€â™‚,drakula
ğŸ§›ğŸ¿â€â™‚,drakula
ğŸ§›ğŸ»â€â™€,mayat hidup
ğŸ§›ğŸ¼â€â™€,mayat hidup
ğŸ§›ğŸ½â€â™€,mayat hidup
ğŸ§›ğŸ¾â€â™€,mayat hidup
ğŸ§›ğŸ¿â€â™€,mayat hidup
ğŸ§œğŸ»,orang duyung
ğŸ§œğŸ¼,orang duyung
ğŸ§œğŸ½,orang duyung
ğŸ§œğŸ¾,orang duyung
ğŸ§œğŸ¿,orang duyung
ğŸ§œğŸ»â€â™‚,pria duyung
ğŸ§œğŸ¼â€â™‚,pria duyung
ğŸ§œğŸ½â€â™‚,pria duyung
ğŸ§œğŸ¾â€â™‚,pria duyung
ğŸ§œğŸ¿â€â™‚,pria duyung
ğŸ§œğŸ»â€â™€,putri duyung
ğŸ§œğŸ¼â€â™€,putri duyung
ğŸ§œğŸ½â€â™€,putri duyung
ğŸ§œğŸ¾â€â™€,putri duyung
ğŸ§œğŸ¿â€â™€,putri duyung
ğŸ§ğŸ»,ajaib
ğŸ§ğŸ¼,ajaib
ğŸ§ğŸ½,ajaib
ğŸ§ğŸ¾,ajaib
ğŸ§ğŸ¿,ajaib
ğŸ§ğŸ»â€â™‚,ajaib
ğŸ§ğŸ¼â€â™‚,ajaib
ğŸ§ğŸ½â€â™‚,ajaib
ğŸ§ğŸ¾â€â™‚,ajaib
ğŸ§ğŸ¿â€â™‚,ajaib
ğŸ§ğŸ»â€â™€,ajaib
ğŸ§ğŸ¼â€â™€,ajaib
ğŸ§ğŸ½â€â™€,ajaib
ğŸ§ğŸ¾â€â™€,ajaib
ğŸ§ğŸ¿â€â™€,ajaib
ğŸ’†ğŸ»,pijat
ğŸ’†ğŸ¼,pijat
ğŸ’†ğŸ½,pijat
ğŸ’†ğŸ¾,pijat
ğŸ’†ğŸ¿,pijat
ğŸ’†ğŸ»â€â™‚,kepala
ğŸ’†ğŸ¼â€â™‚,kepala
ğŸ’†ğŸ½â€â™‚,kepala
ğŸ’†ğŸ¾â€â™‚,kepala
ğŸ’†ğŸ¿â€â™‚,kepala
ğŸ’†ğŸ»â€â™€,kepala
ğŸ’†ğŸ¼â€â™€,kepala
ğŸ’†ğŸ½â€â™€,kepala
ğŸ’†ğŸ¾â€â™€,kepala
ğŸ’†ğŸ¿â€â™€,kepala
ğŸ’‡ğŸ»,cantik
ğŸ’‡ğŸ¼,cantik
ğŸ’‡ğŸ½,cantik
ğŸ’‡ğŸ¾,cantik
ğŸ’‡ğŸ¿,cantik
ğŸ’‡ğŸ»â€â™‚,lakilaki
ğŸ’‡ğŸ¼â€â™‚,lakilaki
ğŸ’‡ğŸ½â€â™‚,lakilaki
ğŸ’‡ğŸ¾â€â™‚,lakilaki
ğŸ’‡ğŸ¿â€â™‚,lakilaki
ğŸ’‡ğŸ»â€â™€,perempuan
ğŸ’‡ğŸ¼â€â™€,perempuan
ğŸ’‡ğŸ½â€â™€,perempuan
ğŸ’‡ğŸ¾â€â™€,perempuan
ğŸ’‡ğŸ¿â€â™€,perempuan
ğŸš¶ğŸ»,jalan
ğŸš¶ğŸ¼,jalan
ğŸš¶ğŸ½,jalan
ğŸš¶ğŸ¾,jalan
ğŸš¶ğŸ¿,jalan
ğŸš¶ğŸ»â€â™‚,jalan
ğŸš¶ğŸ¼â€â™‚,jalan
ğŸš¶ğŸ½â€â™‚,jalan
ğŸš¶ğŸ¾â€â™‚,jalan
ğŸš¶ğŸ¿â€â™‚,jalan
ğŸš¶ğŸ»â€â™€,jalan
ğŸš¶ğŸ¼â€â™€,jalan
ğŸš¶ğŸ½â€â™€,jalan
ğŸš¶ğŸ¾â€â™€,jalan
ğŸš¶ğŸ¿â€â™€,jalan
ğŸ§ğŸ»,berdiri
ğŸ§ğŸ¼,berdiri
ğŸ§ğŸ½,berdiri
ğŸ§ğŸ¾,berdiri
ğŸ§ğŸ¿,berdiri
ğŸ§ğŸ»â€â™‚,berdiri
ğŸ§ğŸ¼â€â™‚,berdiri
ğŸ§ğŸ½â€â™‚,berdiri
ğŸ§ğŸ¾â€â™‚,berdiri
ğŸ§ğŸ¿â€â™‚,berdiri
ğŸ§ğŸ»â€â™€,berdiri
ğŸ§ğŸ¼â€â™€,berdiri
ğŸ§ğŸ½â€â™€,berdiri
ğŸ§ğŸ¾â€â™€,berdiri
ğŸ§ğŸ¿â€â™€,berdiri
ğŸ§ğŸ»,berlutut
ğŸ§ğŸ¼,berlutut
ğŸ§ğŸ½,berlutut
ğŸ§ğŸ¾,berlutut
ğŸ§ğŸ¿,berlutut
ğŸ§ğŸ»â€â™‚,berlutut
ğŸ§ğŸ¼â€â™‚,berlutut
ğŸ§ğŸ½â€â™‚,berlutut
ğŸ§ğŸ¾â€â™‚,berlutut
ğŸ§ğŸ¿â€â™‚,berlutut
ğŸ§ğŸ»â€â™€,berlutut
ğŸ§ğŸ¼â€â™€,berlutut
ğŸ§ğŸ½â€â™€,berlutut
ğŸ§ğŸ¾â€â™€,berlutut
ğŸ§ğŸ¿â€â™€,berlutut
ğŸ§‘ğŸ»â€ğŸ¦¯,aksesibilitas
ğŸ§‘ğŸ¼â€ğŸ¦¯,aksesibilitas
ğŸ§‘ğŸ½â€ğŸ¦¯,aksesibilitas
ğŸ§‘ğŸ¾â€ğŸ¦¯,aksesibilitas
ğŸ§‘ğŸ¿â€ğŸ¦¯,aksesibilitas
ğŸ‘¨ğŸ»â€ğŸ¦¯,aksesiblitas
ğŸ‘¨ğŸ¼â€ğŸ¦¯,aksesiblitas
ğŸ‘¨ğŸ½â€ğŸ¦¯,aksesiblitas
ğŸ‘¨ğŸ¾â€ğŸ¦¯,aksesiblitas
ğŸ‘¨ğŸ¿â€ğŸ¦¯,aksesiblitas
ğŸ‘©ğŸ»â€ğŸ¦¯,aksesiblitas
ğŸ‘©ğŸ¼â€ğŸ¦¯,aksesiblitas
ğŸ‘©ğŸ½â€ğŸ¦¯,aksesiblitas
ğŸ‘©ğŸ¾â€ğŸ¦¯,aksesiblitas
ğŸ‘©ğŸ¿â€ğŸ¦¯,aksesiblitas
ğŸ§‘ğŸ»â€ğŸ¦¼,aksesibilitas
ğŸ§‘ğŸ¼â€ğŸ¦¼,aksesibilitas
ğŸ§‘ğŸ½â€ğŸ¦¼,aksesibilitas
ğŸ§‘ğŸ¾â€ğŸ¦¼,aksesibilitas
ğŸ§‘ğŸ¿â€ğŸ¦¼,aksesibilitas
ğŸ‘¨ğŸ»â€ğŸ¦¼,aksesibilitas
ğŸ‘¨ğŸ¼â€ğŸ¦¼,aksesibilitas
ğŸ‘¨ğŸ½â€ğŸ¦¼,aksesibilitas
ğŸ‘¨ğŸ¾â€ğŸ¦¼,aksesibilitas
ğŸ‘¨ğŸ¿â€ğŸ¦¼,aksesibilitas
ğŸ‘©ğŸ»â€ğŸ¦¼,aksesibilitas
ğŸ‘©ğŸ¼â€ğŸ¦¼,aksesibilitas
ğŸ‘©ğŸ½â€ğŸ¦¼,aksesibilitas
ğŸ‘©ğŸ¾â€ğŸ¦¼,aksesibilitas
ğŸ‘©ğŸ¿â€ğŸ¦¼,aksesibilitas
ğŸ§‘ğŸ»â€ğŸ¦½,aksesibilitas
ğŸ§‘ğŸ¼â€ğŸ¦½,aksesibilitas
ğŸ§‘ğŸ½â€ğŸ¦½,aksesibilitas
ğŸ§‘ğŸ¾â€ğŸ¦½,aksesibilitas
ğŸ§‘ğŸ¿â€ğŸ¦½,aksesibilitas
ğŸ‘¨ğŸ»â€ğŸ¦½,aksesibilitas
ğŸ‘¨ğŸ¼â€ğŸ¦½,aksesibilitas
ğŸ‘¨ğŸ½â€ğŸ¦½,aksesibilitas
ğŸ‘¨ğŸ¾â€ğŸ¦½,aksesibilitas
ğŸ‘¨ğŸ¿â€ğŸ¦½,aksesibilitas
ğŸ‘©ğŸ»â€ğŸ¦½,aksesibilitas
ğŸ‘©ğŸ¼â€ğŸ¦½,aksesibilitas
ğŸ‘©ğŸ½â€ğŸ¦½,aksesibilitas
ğŸ‘©ğŸ¾â€ğŸ¦½,aksesibilitas
ğŸ‘©ğŸ¿â€ğŸ¦½,aksesibilitas
ğŸƒğŸ»,lari
ğŸƒğŸ¼,lari
ğŸƒğŸ½,lari
ğŸƒğŸ¾,lari
ğŸƒğŸ¿,lari
ğŸƒğŸ»â€â™‚,kaki
ğŸƒğŸ¼â€â™‚,kaki
ğŸƒğŸ½â€â™‚,kaki
ğŸƒğŸ¾â€â™‚,kaki
ğŸƒğŸ¿â€â™‚,kaki
ğŸƒğŸ»â€â™€,kaki
ğŸƒğŸ¼â€â™€,kaki
ğŸƒğŸ½â€â™€,kaki
ğŸƒğŸ¾â€â™€,kaki
ğŸƒğŸ¿â€â™€,kaki
ğŸ’ƒğŸ»,dansa
ğŸ’ƒğŸ¼,dansa
ğŸ’ƒğŸ½,dansa
ğŸ’ƒğŸ¾,dansa
ğŸ’ƒğŸ¿,dansa
ğŸ•ºğŸ»,berdansa
ğŸ•ºğŸ¼,berdansa
ğŸ•ºğŸ½,berdansa
ğŸ•ºğŸ¾,berdansa
ğŸ•ºğŸ¿,berdansa
ğŸ•´ğŸ»,bisnis
ğŸ•´ğŸ¼,bisnis
ğŸ•´ğŸ½,bisnis
ğŸ•´ğŸ¾,bisnis
ğŸ•´ğŸ¿,bisnis
ğŸ§–ğŸ»,orang di ruangan beruap
ğŸ§–ğŸ¼,orang di ruangan beruap
ğŸ§–ğŸ½,orang di ruangan beruap
ğŸ§–ğŸ¾,orang di ruangan beruap
ğŸ§–ğŸ¿,orang di ruangan beruap
ğŸ§–ğŸ»â€â™‚,pria di ruangan beruap
ğŸ§–ğŸ¼â€â™‚,pria di ruangan beruap
ğŸ§–ğŸ½â€â™‚,pria di ruangan beruap
ğŸ§–ğŸ¾â€â™‚,pria di ruangan beruap
ğŸ§–ğŸ¿â€â™‚,pria di ruangan beruap
ğŸ§–ğŸ»â€â™€,ruang uap
ğŸ§–ğŸ¼â€â™€,ruang uap
ğŸ§–ğŸ½â€â™€,ruang uap
ğŸ§–ğŸ¾â€â™€,ruang uap
ğŸ§–ğŸ¿â€â™€,ruang uap
ğŸ§—ğŸ»,orang memanjat
ğŸ§—ğŸ¼,orang memanjat
ğŸ§—ğŸ½,orang memanjat
ğŸ§—ğŸ¾,orang memanjat
ğŸ§—ğŸ¿,orang memanjat
ğŸ§—ğŸ»â€â™‚,pemanjat
ğŸ§—ğŸ¼â€â™‚,pemanjat
ğŸ§—ğŸ½â€â™‚,pemanjat
ğŸ§—ğŸ¾â€â™‚,pemanjat
ğŸ§—ğŸ¿â€â™‚,pemanjat
ğŸ§—ğŸ»â€â™€,pemanjat
ğŸ§—ğŸ¼â€â™€,pemanjat
ğŸ§—ğŸ½â€â™€,pemanjat
ğŸ§—ğŸ¾â€â™€,pemanjat
ğŸ§—ğŸ¿â€â™€,pemanjat
ğŸ‡ğŸ»,balap kuda
ğŸ‡ğŸ¼,balap kuda
ğŸ‡ğŸ½,balap kuda
ğŸ‡ğŸ¾,balap kuda
ğŸ‡ğŸ¿,balap kuda
ğŸ‚ğŸ»,papan
ğŸ‚ğŸ¼,papan
ğŸ‚ğŸ½,papan
ğŸ‚ğŸ¾,papan
ğŸ‚ğŸ¿,papan
ğŸŒğŸ»,bola
ğŸŒğŸ¼,bola
ğŸŒğŸ½,bola
ğŸŒğŸ¾,bola
ğŸŒğŸ¿,bola
ğŸŒğŸ»â€â™‚,bermain
ğŸŒğŸ¼â€â™‚,bermain
ğŸŒğŸ½â€â™‚,bermain
ğŸŒğŸ¾â€â™‚,bermain
ğŸŒğŸ¿â€â™‚,bermain
ğŸŒğŸ»â€â™€,bermain
ğŸŒğŸ¼â€â™€,bermain
ğŸŒğŸ½â€â™€,bermain
ğŸŒğŸ¾â€â™€,bermain
ğŸŒğŸ¿â€â™€,bermain
ğŸ„ğŸ»,orang berselancar
ğŸ„ğŸ¼,orang berselancar
ğŸ„ğŸ½,orang berselancar
ğŸ„ğŸ¾,orang berselancar
ğŸ„ğŸ¿,orang berselancar
ğŸ„ğŸ»â€â™‚,lakilaki
ğŸ„ğŸ¼â€â™‚,lakilaki
ğŸ„ğŸ½â€â™‚,lakilaki
ğŸ„ğŸ¾â€â™‚,lakilaki
ğŸ„ğŸ¿â€â™‚,lakilaki
ğŸ„ğŸ»â€â™€,ombak
ğŸ„ğŸ¼â€â™€,ombak
ğŸ„ğŸ½â€â™€,ombak
ğŸ„ğŸ¾â€â™€,ombak
ğŸ„ğŸ¿â€â™€,ombak
ğŸš£ğŸ»,kendaraan
ğŸš£ğŸ¼,kendaraan
ğŸš£ğŸ½,kendaraan
ğŸš£ğŸ¾,kendaraan
ğŸš£ğŸ¿,kendaraan
ğŸš£ğŸ»â€â™‚,dayung
ğŸš£ğŸ¼â€â™‚,dayung
ğŸš£ğŸ½â€â™‚,dayung
ğŸš£ğŸ¾â€â™‚,dayung
ğŸš£ğŸ¿â€â™‚,dayung
ğŸš£ğŸ»â€â™€,dayung
ğŸš£ğŸ¼â€â™€,dayung
ğŸš£ğŸ½â€â™€,dayung
ğŸš£ğŸ¾â€â™€,dayung
ğŸš£ğŸ¿â€â™€,dayung
ğŸŠğŸ»,orang berenang
ğŸŠğŸ¼,orang berenang
ğŸŠğŸ½,orang berenang
ğŸŠğŸ¾,orang berenang
ğŸŠğŸ¿,orang berenang
ğŸŠğŸ»â€â™‚,lakilaki
ğŸŠğŸ¼â€â™‚,lakilaki
ğŸŠğŸ½â€â™‚,lakilaki
ğŸŠğŸ¾â€â™‚,lakilaki
ğŸŠğŸ¿â€â™‚,lakilaki
ğŸŠğŸ»â€â™€,perempuan
ğŸŠğŸ¼â€â™€,perempuan
ğŸŠğŸ½â€â™€,perempuan
ğŸŠğŸ¾â€â™€,perempuan
ğŸŠğŸ¿â€â™€,perempuan
â›¹ğŸ»,bola
â›¹ğŸ¼,bola
â›¹ğŸ½,bola
â›¹ğŸ¾,bola
â›¹ğŸ¿,bola
â›¹ğŸ»â€â™‚,bola
â›¹ğŸ¼â€â™‚,bola
â›¹ğŸ½â€â™‚,bola
â›¹ğŸ¾â€â™‚,bola
â›¹ğŸ¿â€â™‚,bola
â›¹ğŸ»â€â™€,bola
â›¹ğŸ¼â€â™€,bola
â›¹ğŸ½â€â™€,bola
â›¹ğŸ¾â€â™€,bola
â›¹ğŸ¿â€â™€,bola
ğŸ‹ğŸ»,angkat
ğŸ‹ğŸ¼,angkat
ğŸ‹ğŸ½,angkat
ğŸ‹ğŸ¾,angkat
ğŸ‹ğŸ¿,angkat
ğŸ‹ğŸ»â€â™‚,angkat
ğŸ‹ğŸ¼â€â™‚,angkat
ğŸ‹ğŸ½â€â™‚,angkat
ğŸ‹ğŸ¾â€â™‚,angkat
ğŸ‹ğŸ¿â€â™‚,angkat
ğŸ‹ğŸ»â€â™€,angkat
ğŸ‹ğŸ¼â€â™€,angkat
ğŸ‹ğŸ½â€â™€,angkat
ğŸ‹ğŸ¾â€â™€,angkat
ğŸ‹ğŸ¿â€â™€,angkat
ğŸš´ğŸ»,orang bersepeda
ğŸš´ğŸ¼,orang bersepeda
ğŸš´ğŸ½,orang bersepeda
ğŸš´ğŸ¾,orang bersepeda
ğŸš´ğŸ¿,orang bersepeda
ğŸš´ğŸ»â€â™‚,lakilaki
ğŸš´ğŸ¼â€â™‚,lakilaki
ğŸš´ğŸ½â€â™‚,lakilaki
ğŸš´ğŸ¾â€â™‚,lakilaki
ğŸš´ğŸ¿â€â™‚,lakilaki
ğŸš´ğŸ»â€â™€,perempuan
ğŸš´ğŸ¼â€â™€,perempuan
ğŸš´ğŸ½â€â™€,perempuan
ğŸš´ğŸ¾â€â™€,perempuan
ğŸš´ğŸ¿â€â™€,perempuan
ğŸšµğŸ»,gunung
ğŸšµğŸ¼,gunung
ğŸšµğŸ½,gunung
ğŸšµğŸ¾,gunung
ğŸšµğŸ¿,gunung
ğŸšµğŸ»â€â™‚,gunung
ğŸšµğŸ¼â€â™‚,gunung
ğŸšµğŸ½â€â™‚,gunung
ğŸšµğŸ¾â€â™‚,gunung
ğŸšµğŸ¿â€â™‚,gunung
ğŸšµğŸ»â€â™€,gunung
ğŸšµğŸ¼â€â™€,gunung
ğŸšµğŸ½â€â™€,gunung
ğŸšµğŸ¾â€â™€,gunung
ğŸšµğŸ¿â€â™€,gunung
ğŸ¤¸ğŸ»,gimnastik
ğŸ¤¸ğŸ¼,gimnastik
ğŸ¤¸ğŸ½,gimnastik
ğŸ¤¸ğŸ¾,gimnastik
ğŸ¤¸ğŸ¿,gimnastik
ğŸ¤¸ğŸ»â€â™‚,balik
ğŸ¤¸ğŸ¼â€â™‚,balik
ğŸ¤¸ğŸ½â€â™‚,balik
ğŸ¤¸ğŸ¾â€â™‚,balik
ğŸ¤¸ğŸ¿â€â™‚,balik
ğŸ¤¸ğŸ»â€â™€,balik
ğŸ¤¸ğŸ¼â€â™€,balik
ğŸ¤¸ğŸ½â€â™€,balik
ğŸ¤¸ğŸ¾â€â™€,balik
ğŸ¤¸ğŸ¿â€â™€,balik
ğŸ¤½ğŸ»,air
ğŸ¤½ğŸ¼,air
ğŸ¤½ğŸ½,air
ğŸ¤½ğŸ¾,air
ğŸ¤½ğŸ¿,air
ğŸ¤½ğŸ»â€â™‚,lakilaki
ğŸ¤½ğŸ¼â€â™‚,lakilaki
ğŸ¤½ğŸ½â€â™‚,lakilaki
ğŸ¤½ğŸ¾â€â™‚,lakilaki
ğŸ¤½ğŸ¿â€â™‚,lakilaki
ğŸ¤½ğŸ»â€â™€,perempuan
ğŸ¤½ğŸ¼â€â™€,perempuan
ğŸ¤½ğŸ½â€â™€,perempuan
ğŸ¤½ğŸ¾â€â™€,perempuan
ğŸ¤½ğŸ¿â€â™€,perempuan
ğŸ¤¾ğŸ»,bola
ğŸ¤¾ğŸ¼,bola
ğŸ¤¾ğŸ½,bola
ğŸ¤¾ğŸ¾,bola
ğŸ¤¾ğŸ¿,bola
ğŸ¤¾ğŸ»â€â™‚,bola tangan
ğŸ¤¾ğŸ¼â€â™‚,bola tangan
ğŸ¤¾ğŸ½â€â™‚,bola tangan
ğŸ¤¾ğŸ¾â€â™‚,bola tangan
ğŸ¤¾ğŸ¿â€â™‚,bola tangan
ğŸ¤¾ğŸ»â€â™€,bola tangan
ğŸ¤¾ğŸ¼â€â™€,bola tangan
ğŸ¤¾ğŸ½â€â™€,bola tangan
ğŸ¤¾ğŸ¾â€â™€,bola tangan
ğŸ¤¾ğŸ¿â€â™€,bola tangan
ğŸ¤¹ğŸ»,juggling
ğŸ¤¹ğŸ¼,juggling
ğŸ¤¹ğŸ½,juggling
ğŸ¤¹ğŸ¾,juggling
ğŸ¤¹ğŸ¿,juggling
ğŸ¤¹ğŸ»â€â™‚,atraksi
ğŸ¤¹ğŸ¼â€â™‚,atraksi
ğŸ¤¹ğŸ½â€â™‚,atraksi
ğŸ¤¹ğŸ¾â€â™‚,atraksi
ğŸ¤¹ğŸ¿â€â™‚,atraksi
ğŸ¤¹ğŸ»â€â™€,atraksi
ğŸ¤¹ğŸ¼â€â™€,atraksi
ğŸ¤¹ğŸ½â€â™€,atraksi
ğŸ¤¹ğŸ¾â€â™€,atraksi
ğŸ¤¹ğŸ¿â€â™€,atraksi
ğŸ§˜ğŸ»,meditasi
ğŸ§˜ğŸ¼,meditasi
ğŸ§˜ğŸ½,meditasi
ğŸ§˜ğŸ¾,meditasi
ğŸ§˜ğŸ¿,meditasi
ğŸ§˜ğŸ»â€â™‚,meditasi
ğŸ§˜ğŸ¼â€â™‚,meditasi
ğŸ§˜ğŸ½â€â™‚,meditasi
ğŸ§˜ğŸ¾â€â™‚,meditasi
ğŸ§˜ğŸ¿â€â™‚,meditasi
ğŸ§˜ğŸ»â€â™€,meditasi
ğŸ§˜ğŸ¼â€â™€,meditasi
ğŸ§˜ğŸ½â€â™€,meditasi
ğŸ§˜ğŸ¾â€â™€,meditasi
ğŸ§˜ğŸ¿â€â™€,meditasi
ğŸ›€ğŸ»,bak mandi
ğŸ›€ğŸ¼,bak mandi
ğŸ›€ğŸ½,bak mandi
ğŸ›€ğŸ¾,bak mandi
ğŸ›€ğŸ¿,bak mandi
ğŸ›ŒğŸ»,hotel
ğŸ›ŒğŸ¼,hotel
ğŸ›ŒğŸ½,hotel
ğŸ›ŒğŸ¾,hotel
ğŸ›ŒğŸ¿,hotel
ğŸ§‘ğŸ»â€ğŸ¤â€ğŸ§‘ğŸ»,bergandengan
ğŸ§‘ğŸ»â€ğŸ¤â€ğŸ§‘ğŸ¼,bergandengan
ğŸ§‘ğŸ»â€ğŸ¤â€ğŸ§‘ğŸ½,bergandengan
ğŸ§‘ğŸ»â€ğŸ¤â€ğŸ§‘ğŸ¾,bergandengan
ğŸ§‘ğŸ»â€ğŸ¤â€ğŸ§‘ğŸ¿,bergandengan
ğŸ§‘ğŸ¼â€ğŸ¤â€ğŸ§‘ğŸ»,bergandengan
ğŸ§‘ğŸ¼â€ğŸ¤â€ğŸ§‘ğŸ¼,bergandengan
ğŸ§‘ğŸ¼â€ğŸ¤â€ğŸ§‘ğŸ½,bergandengan
ğŸ§‘ğŸ¼â€ğŸ¤â€ğŸ§‘ğŸ¾,bergandengan
ğŸ§‘ğŸ¼â€ğŸ¤â€ğŸ§‘ğŸ¿,bergandengan
ğŸ§‘ğŸ½â€ğŸ¤â€ğŸ§‘ğŸ»,bergandengan
ğŸ§‘ğŸ½â€ğŸ¤â€ğŸ§‘ğŸ¼,bergandengan
ğŸ§‘ğŸ½â€ğŸ¤â€ğŸ§‘ğŸ½,bergandengan
ğŸ§‘ğŸ½â€ğŸ¤â€ğŸ§‘ğŸ¾,bergandengan
ğŸ§‘ğŸ½â€ğŸ¤â€ğŸ§‘ğŸ¿,bergandengan
ğŸ§‘ğŸ¾â€ğŸ¤â€ğŸ§‘ğŸ»,bergandengan
ğŸ§‘ğŸ¾â€ğŸ¤â€ğŸ§‘ğŸ¼,bergandengan
ğŸ§‘ğŸ¾â€ğŸ¤â€ğŸ§‘ğŸ½,bergandengan
ğŸ§‘ğŸ¾â€ğŸ¤â€ğŸ§‘ğŸ¾,bergandengan
ğŸ§‘ğŸ¾â€ğŸ¤â€ğŸ§‘ğŸ¿,bergandengan
ğŸ§‘ğŸ¿â€ğŸ¤â€ğŸ§‘ğŸ»,bergandengan
ğŸ§‘ğŸ¿â€ğŸ¤â€ğŸ§‘ğŸ¼,bergandengan
ğŸ§‘ğŸ¿â€ğŸ¤â€ğŸ§‘ğŸ½,bergandengan
ğŸ§‘ğŸ¿â€ğŸ¤â€ğŸ§‘ğŸ¾,bergandengan
ğŸ§‘ğŸ¿â€ğŸ¤â€ğŸ§‘ğŸ¿,bergandengan
ğŸ‘­ğŸ»,cewek
ğŸ‘©ğŸ»â€ğŸ¤â€ğŸ‘©ğŸ¼,cewek
ğŸ‘©ğŸ»â€ğŸ¤â€ğŸ‘©ğŸ½,cewek
ğŸ‘©ğŸ»â€ğŸ¤â€ğŸ‘©ğŸ¾,cewek
ğŸ‘©ğŸ»â€ğŸ¤â€ğŸ‘©ğŸ¿,cewek
ğŸ‘©ğŸ¼â€ğŸ¤â€ğŸ‘©ğŸ»,cewek
ğŸ‘­ğŸ¼,cewek
ğŸ‘©ğŸ¼â€ğŸ¤â€ğŸ‘©ğŸ½,cewek
ğŸ‘©ğŸ¼â€ğŸ¤â€ğŸ‘©ğŸ¾,cewek
ğŸ‘©ğŸ¼â€ğŸ¤â€ğŸ‘©ğŸ¿,cewek
ğŸ‘©ğŸ½â€ğŸ¤â€ğŸ‘©ğŸ»,cewek
ğŸ‘©ğŸ½â€ğŸ¤â€ğŸ‘©ğŸ¼,cewek
ğŸ‘­ğŸ½,cewek
ğŸ‘©ğŸ½â€ğŸ¤â€ğŸ‘©ğŸ¾,cewek
ğŸ‘©ğŸ½â€ğŸ¤â€ğŸ‘©ğŸ¿,cewek
ğŸ‘©ğŸ¾â€ğŸ¤â€ğŸ‘©ğŸ»,cewek
ğŸ‘©ğŸ¾â€ğŸ¤â€ğŸ‘©ğŸ¼,cewek
ğŸ‘©ğŸ¾â€ğŸ¤â€ğŸ‘©ğŸ½,cewek
ğŸ‘­ğŸ¾,cewek
ğŸ‘©ğŸ¾â€ğŸ¤â€ğŸ‘©ğŸ¿,cewek
ğŸ‘©ğŸ¿â€ğŸ¤â€ğŸ‘©ğŸ»,cewek
ğŸ‘©ğŸ¿â€ğŸ¤â€ğŸ‘©ğŸ¼,cewek
ğŸ‘©ğŸ¿â€ğŸ¤â€ğŸ‘©ğŸ½,cewek
ğŸ‘©ğŸ¿â€ğŸ¤â€ğŸ‘©ğŸ¾,cewek
ğŸ‘­ğŸ¿,cewek
ğŸ‘«ğŸ»,pasangan
ğŸ‘©ğŸ»â€ğŸ¤â€ğŸ‘¨ğŸ¼,pasangan
ğŸ‘©ğŸ»â€ğŸ¤â€ğŸ‘¨ğŸ½,pasangan
ğŸ‘©ğŸ»â€ğŸ¤â€ğŸ‘¨ğŸ¾,pasangan
ğŸ‘©ğŸ»â€ğŸ¤â€ğŸ‘¨ğŸ¿,pasangan
ğŸ‘©ğŸ¼â€ğŸ¤â€ğŸ‘¨ğŸ»,pasangan
ğŸ‘«ğŸ¼,pasangan
ğŸ‘©ğŸ¼â€ğŸ¤â€ğŸ‘¨ğŸ½,pasangan
ğŸ‘©ğŸ¼â€ğŸ¤â€ğŸ‘¨ğŸ¾,pasangan
ğŸ‘©ğŸ¼â€ğŸ¤â€ğŸ‘¨ğŸ¿,pasangan
ğŸ‘©ğŸ½â€ğŸ¤â€ğŸ‘¨ğŸ»,pasangan
ğŸ‘©ğŸ½â€ğŸ¤â€ğŸ‘¨ğŸ¼,pasangan
ğŸ‘«ğŸ½,pasangan
ğŸ‘©ğŸ½â€ğŸ¤â€ğŸ‘¨ğŸ¾,pasangan
ğŸ‘©ğŸ½â€ğŸ¤â€ğŸ‘¨ğŸ¿,pasangan
ğŸ‘©ğŸ¾â€ğŸ¤â€ğŸ‘¨ğŸ»,pasangan
ğŸ‘©ğŸ¾â€ğŸ¤â€ğŸ‘¨ğŸ¼,pasangan
ğŸ‘©ğŸ¾â€ğŸ¤â€ğŸ‘¨ğŸ½,pasangan
ğŸ‘«ğŸ¾,pasangan
ğŸ‘©ğŸ¾â€ğŸ¤â€ğŸ‘¨ğŸ¿,pasangan
ğŸ‘©ğŸ¿â€ğŸ¤â€ğŸ‘¨ğŸ»,pasangan
ğŸ‘©ğŸ¿â€ğŸ¤â€ğŸ‘¨ğŸ¼,pasangan
ğŸ‘©ğŸ¿â€ğŸ¤â€ğŸ‘¨ğŸ½,pasangan
ğŸ‘©ğŸ¿â€ğŸ¤â€ğŸ‘¨ğŸ¾,pasangan
ğŸ‘«ğŸ¿,pasangan
ğŸ‘¬ğŸ»,cowok
ğŸ‘¨ğŸ»â€ğŸ¤â€ğŸ‘¨ğŸ¼,cowok
ğŸ‘¨ğŸ»â€ğŸ¤â€ğŸ‘¨ğŸ½,cowok
ğŸ‘¨ğŸ»â€ğŸ¤â€ğŸ‘¨ğŸ¾,cowok
ğŸ‘¨ğŸ»â€ğŸ¤â€ğŸ‘¨ğŸ¿,cowok
ğŸ‘¨ğŸ¼â€ğŸ¤â€ğŸ‘¨ğŸ»,cowok
ğŸ‘¬ğŸ¼,cowok
ğŸ‘¨ğŸ¼â€ğŸ¤â€ğŸ‘¨ğŸ½,cowok
ğŸ‘¨ğŸ¼â€ğŸ¤â€ğŸ‘¨ğŸ¾,cowok
ğŸ‘¨ğŸ¼â€ğŸ¤â€ğŸ‘¨ğŸ¿,cowok
ğŸ‘¨ğŸ½â€ğŸ¤â€ğŸ‘¨ğŸ»,cowok
ğŸ‘¨ğŸ½â€ğŸ¤â€ğŸ‘¨ğŸ¼,cowok
ğŸ‘¬ğŸ½,cowok
ğŸ‘¨ğŸ½â€ğŸ¤â€ğŸ‘¨ğŸ¾,cowok
ğŸ‘¨ğŸ½â€ğŸ¤â€ğŸ‘¨ğŸ¿,cowok
ğŸ‘¨ğŸ¾â€ğŸ¤â€ğŸ‘¨ğŸ»,cowok
ğŸ‘¨ğŸ¾â€ğŸ¤â€ğŸ‘¨ğŸ¼,cowok
ğŸ‘¨ğŸ¾â€ğŸ¤â€ğŸ‘¨ğŸ½,cowok
ğŸ‘¬ğŸ¾,cowok
ğŸ‘¨ğŸ¾â€ğŸ¤â€ğŸ‘¨ğŸ¿,cowok
ğŸ‘¨ğŸ¿â€ğŸ¤â€ğŸ‘¨ğŸ»,cowok
ğŸ‘¨ğŸ¿â€ğŸ¤â€ğŸ‘¨ğŸ¼,cowok
ğŸ‘¨ğŸ¿â€ğŸ¤â€ğŸ‘¨ğŸ½,cowok
ğŸ‘¨ğŸ¿â€ğŸ¤â€ğŸ‘¨ğŸ¾,cowok
ğŸ‘¬ğŸ¿,cowok
ğŸ’ğŸ»,berciuman
ğŸ’ğŸ¼,berciuman
ğŸ’ğŸ½,berciuman
ğŸ’ğŸ¾,berciuman
ğŸ’ğŸ¿,berciuman
ğŸ‘©â€â¤â€ğŸ’‹â€ğŸ‘¨,berciuman
ğŸ‘¨â€â¤â€ğŸ’‹â€ğŸ‘¨,berciuman
ğŸ‘©â€â¤â€ğŸ’‹â€ğŸ‘©,berciuman
ğŸ’‘ğŸ»,cinta
ğŸ’‘ğŸ¼,cinta
ğŸ’‘ğŸ½,cinta
ğŸ’‘ğŸ¾,cinta
ğŸ’‘ğŸ¿,cinta
ğŸ‘©â€â¤â€ğŸ‘¨,cinta
ğŸ‘¨â€â¤â€ğŸ‘¨,cinta
ğŸ‘©â€â¤â€ğŸ‘©,cinta
ğŸ‘¨â€ğŸ‘©â€ğŸ‘¦,anak
ğŸ‘¨â€ğŸ‘©â€ğŸ‘§,anak
ğŸ‘¨â€ğŸ‘©â€ğŸ‘§â€ğŸ‘¦,anak
ğŸ‘¨â€ğŸ‘©â€ğŸ‘¦â€ğŸ‘¦,anak
ğŸ‘¨â€ğŸ‘©â€ğŸ‘§â€ğŸ‘§,anak
ğŸ‘¨â€ğŸ‘¨â€ğŸ‘¦,anak
ğŸ‘¨â€ğŸ‘¨â€ğŸ‘§,anak
ğŸ‘¨â€ğŸ‘¨â€ğŸ‘§â€ğŸ‘¦,anak
ğŸ‘¨â€ğŸ‘¨â€ğŸ‘¦â€ğŸ‘¦,anak
ğŸ‘¨â€ğŸ‘¨â€ğŸ‘§â€ğŸ‘§,anak
ğŸ‘©â€ğŸ‘©â€ğŸ‘¦,anak
ğŸ‘©â€ğŸ‘©â€ğŸ‘§,anak
ğŸ‘©â€ğŸ‘©â€ğŸ‘§â€ğŸ‘¦,anak
ğŸ‘©â€ğŸ‘©â€ğŸ‘¦â€ğŸ‘¦,anak
ğŸ‘©â€ğŸ‘©â€ğŸ‘§â€ğŸ‘§,anak
ğŸ‘¨â€ğŸ‘¦,anak
ğŸ‘¨â€ğŸ‘¦â€ğŸ‘¦,anak
ğŸ‘¨â€ğŸ‘§,anak
ğŸ‘¨â€ğŸ‘§â€ğŸ‘¦,anak
ğŸ‘¨â€ğŸ‘§â€ğŸ‘§,anak
ğŸ‘©â€ğŸ‘¦,anak
ğŸ‘©â€ğŸ‘¦â€ğŸ‘¦,anak
ğŸ‘©â€ğŸ‘§,anak
ğŸ‘©â€ğŸ‘§â€ğŸ‘¦,anak
ğŸ‘©â€ğŸ‘§â€ğŸ‘§,anak
ğŸ‡¦ğŸ‡¨,bendera pulau ascension
ğŸ‡¦ğŸ‡©,bendera andorra
ğŸ‡¦ğŸ‡ª,bendera uni emirat arab
ğŸ‡¦ğŸ‡«,bendera afganistan
ğŸ‡¦ğŸ‡¬,bendera antigua dan barbuda
ğŸ‡¦ğŸ‡®,bendera anguilla
ğŸ‡¦ğŸ‡±,bendera albania
ğŸ‡¦ğŸ‡²,bendera armenia
ğŸ‡¦ğŸ‡´,bendera angola
ğŸ‡¦ğŸ‡¶,bendera antarktika
ğŸ‡¦ğŸ‡·,bendera argentina
ğŸ‡¦ğŸ‡¸,bendera samoa amerika
ğŸ‡¦ğŸ‡¹,bendera austria
ğŸ‡¦ğŸ‡º,bendera australia
ğŸ‡¦ğŸ‡¼,bendera aruba
ğŸ‡¦ğŸ‡½,bendera kepulauan aland
ğŸ‡¦ğŸ‡¿,bendera azerbaijan
ğŸ‡§ğŸ‡¦,bendera bosnia dan herzegovina
ğŸ‡§ğŸ‡§,bendera barbados
ğŸ‡§ğŸ‡©,bendera bangladesh
ğŸ‡§ğŸ‡ª,bendera belgia
ğŸ‡§ğŸ‡«,bendera burkina faso
ğŸ‡§ğŸ‡¬,bendera bulgaria
ğŸ‡§ğŸ‡­,bendera bahrain
ğŸ‡§ğŸ‡®,bendera burundi
ğŸ‡§ğŸ‡¯,bendera benin
ğŸ‡§ğŸ‡±,bendera saint barthÃ©lemy
ğŸ‡§ğŸ‡²,bendera bermuda
ğŸ‡§ğŸ‡³,bendera brunei
ğŸ‡§ğŸ‡´,bendera bolivia
ğŸ‡§ğŸ‡¶,bendera belanda karibia
ğŸ‡§ğŸ‡·,bendera brasil
ğŸ‡§ğŸ‡¸,bendera bahama
ğŸ‡§ğŸ‡¹,bendera bhutan
ğŸ‡§ğŸ‡»,bendera pulau bouvet
ğŸ‡§ğŸ‡¼,bendera botswana
ğŸ‡§ğŸ‡¾,bendera belarus
ğŸ‡§ğŸ‡¿,bendera belize
ğŸ‡¨ğŸ‡¦,bendera kanada
ğŸ‡¨ğŸ‡¨,bendera kepulauan cocos keeling 
ğŸ‡¨ğŸ‡©,bendera kongo kinshasa
ğŸ‡¨ğŸ‡«,bendera republik afrika tengah
ğŸ‡¨ğŸ‡¬,bendera kongo brazzaville
ğŸ‡¨ğŸ‡­,bendera swiss
ğŸ‡¨ğŸ‡®,bendera cÃ´te dâ€™ivoire
ğŸ‡¨ğŸ‡°,bendera kepulauan cook
ğŸ‡¨ğŸ‡±,bendera cile
ğŸ‡¨ğŸ‡²,bendera kamerun
ğŸ‡¨ğŸ‡³,bendera tiongkok
ğŸ‡¨ğŸ‡´,bendera kolombia
ğŸ‡¨ğŸ‡µ,bendera pulau clipperton
ğŸ‡¨ğŸ‡·,bendera kosta rika
ğŸ‡¨ğŸ‡º,bendera kuba
ğŸ‡¨ğŸ‡»,bendera tanjung verde
ğŸ‡¨ğŸ‡¼,bendera curaÃ§ao
ğŸ‡¨ğŸ‡½,bendera pulau natal
ğŸ‡¨ğŸ‡¾,bendera siprus
ğŸ‡¨ğŸ‡¿,bendera ceko
ğŸ‡©ğŸ‡ª,bendera jerman
ğŸ‡©ğŸ‡¬,bendera diego garcia
ğŸ‡©ğŸ‡¯,bendera jibuti
ğŸ‡©ğŸ‡°,bendera denmark
ğŸ‡©ğŸ‡²,bendera dominika
ğŸ‡©ğŸ‡´,bendera republik dominika
ğŸ‡©ğŸ‡¿,bendera aljazair
ğŸ‡ªğŸ‡¦,bendera ceuta dan melilla
ğŸ‡ªğŸ‡¨,bendera ekuador
ğŸ‡ªğŸ‡ª,bendera estonia
ğŸ‡ªğŸ‡¬,bendera mesir
ğŸ‡ªğŸ‡­,bendera sahara barat
ğŸ‡ªğŸ‡·,bendera eritrea
ğŸ‡ªğŸ‡¸,bendera spanyol
ğŸ‡ªğŸ‡¹,bendera etiopia
ğŸ‡ªğŸ‡º,bendera uni eropa
ğŸ‡«ğŸ‡®,bendera finlandia
ğŸ‡«ğŸ‡¯,bendera fiji
ğŸ‡«ğŸ‡°,bendera kepulauan falkland
ğŸ‡«ğŸ‡²,bendera mikronesia
ğŸ‡«ğŸ‡´,bendera kepulauan faroe
ğŸ‡«ğŸ‡·,bendera prancis
ğŸ‡¬ğŸ‡¦,bendera gabon
ğŸ‡¬ğŸ‡§,bendera inggris raya
ğŸ‡¬ğŸ‡©,bendera grenada
ğŸ‡¬ğŸ‡ª,bendera georgia
ğŸ‡¬ğŸ‡«,bendera guyana prancis
ğŸ‡¬ğŸ‡¬,bendera guernsey
ğŸ‡¬ğŸ‡­,bendera ghana
ğŸ‡¬ğŸ‡®,bendera gibraltar
ğŸ‡¬ğŸ‡±,bendera greenland
ğŸ‡¬ğŸ‡²,bendera gambia
ğŸ‡¬ğŸ‡³,bendera guinea
ğŸ‡¬ğŸ‡µ,bendera guadeloupe
ğŸ‡¬ğŸ‡¶,bendera guinea ekuatorial
ğŸ‡¬ğŸ‡·,bendera yunani
ğŸ‡¬ğŸ‡¸,bendera georgia selatan kep sandwich selatan
ğŸ‡¬ğŸ‡¹,bendera guatemala
ğŸ‡¬ğŸ‡º,bendera guam
ğŸ‡¬ğŸ‡¼,bendera guineabissau
ğŸ‡¬ğŸ‡¾,bendera guyana
ğŸ‡­ğŸ‡°,bendera hong kong dak tiongkok
ğŸ‡­ğŸ‡²,bendera pulau heard dan kepulauan mcdonald
ğŸ‡­ğŸ‡³,bendera honduras
ğŸ‡­ğŸ‡·,bendera kroasia
ğŸ‡­ğŸ‡¹,bendera haiti
ğŸ‡­ğŸ‡º,bendera hungaria
ğŸ‡®ğŸ‡¨,bendera kepulauan canaria
ğŸ‡®ğŸ‡©,bendera indonesia
ğŸ‡®ğŸ‡ª,bendera irlandia
ğŸ‡®ğŸ‡±,bendera israel
ğŸ‡®ğŸ‡²,bendera pulau man
ğŸ‡®ğŸ‡³,bendera india
ğŸ‡®ğŸ‡´,bendera wilayah inggris di samudra hindia
ğŸ‡®ğŸ‡¶,bendera irak
ğŸ‡®ğŸ‡·,bendera iran
ğŸ‡®ğŸ‡¸,bendera islandia
ğŸ‡®ğŸ‡¹,bendera italia
ğŸ‡¯ğŸ‡ª,bendera jersey
ğŸ‡¯ğŸ‡²,bendera jamaika
ğŸ‡¯ğŸ‡´,bendera yordania
ğŸ‡¯ğŸ‡µ,bendera jepang
ğŸ‡°ğŸ‡ª,bendera kenya
ğŸ‡°ğŸ‡¬,bendera kirgizstan
ğŸ‡°ğŸ‡­,bendera kamboja
ğŸ‡°ğŸ‡®,bendera kiribati
ğŸ‡°ğŸ‡²,bendera komoro
ğŸ‡°ğŸ‡³,bendera saint kitts dan nevis
ğŸ‡°ğŸ‡µ,bendera korea utara
ğŸ‡°ğŸ‡·,bendera korea selatan
ğŸ‡°ğŸ‡¼,bendera kuwait
ğŸ‡°ğŸ‡¾,bendera kepulauan cayman
ğŸ‡°ğŸ‡¿,bendera kazakhstan
ğŸ‡±ğŸ‡¦,bendera laos
ğŸ‡±ğŸ‡§,bendera lebanon
ğŸ‡±ğŸ‡¨,bendera saint lucia
ğŸ‡±ğŸ‡®,bendera liechtenstein
ğŸ‡±ğŸ‡°,bendera sri lanka
ğŸ‡±ğŸ‡·,bendera liberia
ğŸ‡±ğŸ‡¸,bendera lesotho
ğŸ‡±ğŸ‡¹,bendera lituania
ğŸ‡±ğŸ‡º,bendera luksemburg
ğŸ‡±ğŸ‡»,bendera latvia
ğŸ‡±ğŸ‡¾,bendera libya
ğŸ‡²ğŸ‡¦,bendera maroko
ğŸ‡²ğŸ‡¨,bendera monako
ğŸ‡²ğŸ‡©,bendera moldova
ğŸ‡²ğŸ‡ª,bendera montenegro
ğŸ‡²ğŸ‡«,bendera saint martin
ğŸ‡²ğŸ‡¬,bendera madagaskar
ğŸ‡²ğŸ‡­,bendera kepulauan marshall
ğŸ‡²ğŸ‡°,bendera makedonia utara
ğŸ‡²ğŸ‡±,bendera mali
ğŸ‡²ğŸ‡²,bendera myanmar burma 
ğŸ‡²ğŸ‡³,bendera mongolia
ğŸ‡²ğŸ‡´,bendera makau dak tiongkok
ğŸ‡²ğŸ‡µ,bendera kepulauan mariana utara
ğŸ‡²ğŸ‡¶,bendera martinik
ğŸ‡²ğŸ‡·,bendera mauritania
ğŸ‡²ğŸ‡¸,bendera montserrat
ğŸ‡²ğŸ‡¹,bendera malta
ğŸ‡²ğŸ‡º,bendera mauritius
ğŸ‡²ğŸ‡»,bendera maladewa
ğŸ‡²ğŸ‡¼,bendera malawi
ğŸ‡²ğŸ‡½,bendera meksiko
ğŸ‡²ğŸ‡¾,bendera malaysia
ğŸ‡²ğŸ‡¿,bendera mozambik
ğŸ‡³ğŸ‡¦,bendera namibia
ğŸ‡³ğŸ‡¨,bendera kaledonia baru
ğŸ‡³ğŸ‡ª,bendera niger
ğŸ‡³ğŸ‡«,bendera kepulauan norfolk
ğŸ‡³ğŸ‡¬,bendera nigeria
ğŸ‡³ğŸ‡®,bendera nikaragua
ğŸ‡³ğŸ‡±,bendera belanda
ğŸ‡³ğŸ‡´,bendera norwegia
ğŸ‡³ğŸ‡µ,bendera nepal
ğŸ‡³ğŸ‡·,bendera nauru
ğŸ‡³ğŸ‡º,bendera niue
ğŸ‡³ğŸ‡¿,bendera selandia baru
ğŸ‡´ğŸ‡²,bendera oman
ğŸ‡µğŸ‡¦,bendera panama
ğŸ‡µğŸ‡ª,bendera peru
ğŸ‡µğŸ‡«,bendera polinesia prancis
ğŸ‡µğŸ‡¬,bendera papua nugini
ğŸ‡µğŸ‡­,bendera filipina
ğŸ‡µğŸ‡°,bendera pakistan
ğŸ‡µğŸ‡±,bendera polandia
ğŸ‡µğŸ‡²,bendera saint pierre dan miquelon
ğŸ‡µğŸ‡³,bendera kepulauan pitcairn
ğŸ‡µğŸ‡·,bendera puerto riko
ğŸ‡µğŸ‡¸,bendera wilayah palestina
ğŸ‡µğŸ‡¹,bendera portugal
ğŸ‡µğŸ‡¼,bendera palau
ğŸ‡µğŸ‡¾,bendera paraguay
ğŸ‡¶ğŸ‡¦,bendera qatar
ğŸ‡·ğŸ‡ª,bendera rÃ©union
ğŸ‡·ğŸ‡´,bendera rumania
ğŸ‡·ğŸ‡¸,bendera serbia
ğŸ‡·ğŸ‡º,bendera rusia
ğŸ‡·ğŸ‡¼,bendera rwanda
ğŸ‡¸ğŸ‡¦,bendera arab saudi
ğŸ‡¸ğŸ‡§,bendera kepulauan solomon
ğŸ‡¸ğŸ‡¨,bendera seychelles
ğŸ‡¸ğŸ‡©,bendera sudan
ğŸ‡¸ğŸ‡ª,bendera swedia
ğŸ‡¸ğŸ‡¬,bendera singapura
ğŸ‡¸ğŸ‡­,bendera saint helena
ğŸ‡¸ğŸ‡®,bendera slovenia
ğŸ‡¸ğŸ‡¯,bendera kepulauan svalbard dan jan mayen
ğŸ‡¸ğŸ‡°,bendera slovakia
ğŸ‡¸ğŸ‡±,bendera sierra leone
ğŸ‡¸ğŸ‡²,bendera san marino
ğŸ‡¸ğŸ‡³,bendera senegal
ğŸ‡¸ğŸ‡´,bendera somalia
ğŸ‡¸ğŸ‡·,bendera suriname
ğŸ‡¸ğŸ‡¸,bendera sudan selatan
ğŸ‡¸ğŸ‡¹,bendera sao tome dan principe
ğŸ‡¸ğŸ‡»,bendera el salvador
ğŸ‡¸ğŸ‡½,bendera sint maarten
ğŸ‡¸ğŸ‡¾,bendera suriah
ğŸ‡¸ğŸ‡¿,bendera eswatini
ğŸ‡¹ğŸ‡¦,bendera tristan da cunha
ğŸ‡¹ğŸ‡¨,bendera kepulauan turks dan caicos
ğŸ‡¹ğŸ‡©,bendera chad
ğŸ‡¹ğŸ‡«,bendera wilayah selatan prancis
ğŸ‡¹ğŸ‡¬,bendera togo
ğŸ‡¹ğŸ‡­,bendera thailand
ğŸ‡¹ğŸ‡¯,bendera tajikistan
ğŸ‡¹ğŸ‡°,bendera tokelau
ğŸ‡¹ğŸ‡±,bendera timor leste
ğŸ‡¹ğŸ‡²,bendera turkmenistan
ğŸ‡¹ğŸ‡³,bendera tunisia
ğŸ‡¹ğŸ‡´,bendera tonga
ğŸ‡¹ğŸ‡·,bendera turki
ğŸ‡¹ğŸ‡¹,bendera trinidad dan tobago
ğŸ‡¹ğŸ‡»,bendera tuvalu
ğŸ‡¹ğŸ‡¼,bendera taiwan
ğŸ‡¹ğŸ‡¿,bendera tanzania
ğŸ‡ºğŸ‡¦,bendera ukraina
ğŸ‡ºğŸ‡¬,bendera uganda
ğŸ‡ºğŸ‡²,bendera kepulauan terluar as
ğŸ‡ºğŸ‡³,bendera perserikatan bangsabangsa
ğŸ‡ºğŸ‡¸,bendera amerika serikat
ğŸ‡ºğŸ‡¾,bendera uruguay
ğŸ‡ºğŸ‡¿,bendera uzbekistan
ğŸ‡»ğŸ‡¦,bendera vatikan
ğŸ‡»ğŸ‡¨,bendera saint vincent dan grenadine
ğŸ‡»ğŸ‡ª,bendera venezuela
ğŸ‡»ğŸ‡¬,bendera kepulauan virgin britania raya
ğŸ‡»ğŸ‡®,bendera kepulauan virgin amerika serikat
ğŸ‡»ğŸ‡³,bendera vietnam
ğŸ‡»ğŸ‡º,bendera vanuatu
ğŸ‡¼ğŸ‡«,bendera kepulauan wallis dan futuna
ğŸ‡¼ğŸ‡¸,bendera samoa
ğŸ‡½ğŸ‡°,bendera kosovo
ğŸ‡¾ğŸ‡ª,bendera yaman
ğŸ‡¾ğŸ‡¹,bendera mayotte
ğŸ‡¿ğŸ‡¦,bendera afrika selatan
ğŸ‡¿ğŸ‡²,bendera zambia
ğŸ‡¿ğŸ‡¼,bendera zimbabwe
ğŸ´ó §ó ¢ó ¥ó ®ó §ó ¿,bendera inggris
ğŸ´ó §ó ¢ó ³ó £ó ´ó ¿,bendera skotlandia
ğŸ´ó §ó ¢ó ·ó ¬ó ³ó ¿,bendera wales
